Nombres Streamers,AVG viewers,Time Streamed (hours),All time peak viewers,Hours watched,Rank,Followers gained,Total followers,Total views
AURONPLAY,133565,112.1,602038,150000000,1,344000,138000000,263000000
XQC,58049,280.9,278176,163000000,2,649000,112000000,525000000
ELSPREEN,89831,136.4,200921,123000000,3,578000,539000000,329000000
KAICENAT,52499,240.2,132866,126000000,4,270000,204000000,915000000
IBAI,62045,128.2,3356074,795000000,5,216000,116000000,359000000
TARIK,46772,188.9,187886,884000000,6,115000,225000000,933000000
LEC,61323,113.7,400312,697000000,7,508000,182000000,149000000
ELMARIANA,56524,114.5,128442,647000000,8,430000,549000000,333000000
ADINROSS,58706,98.4,254923,577000000,9,989000,646000000,524000000
VALORANT,39109,200.8,344755,785000000,10,266000,334000000,129000000
LCK_KOREA,49540,124.8,623617,618000000,11,213000,137000000,408000000
BLASTPREMIER,54637,95.7,270934,523000000,12,531000,137000000,114000000
LCS,33931,221.5,400429,751000000,13,504000,188000000,167000000
PAULINHOLOKOBR,60718,66,149938,400000000,14,225000,101000000,860000
TRAINWRECKSTV,30627,231.5,82731,709000000,15,392000,207000000,985000000
ESL_DOTA2,55461,65,263970,360000000,16,260000,648000,931000000
FPS_SHAKA,23220,321.8,73274,747000000,17,224000,939000,136000000
GAULES,12147,716.3,707648,870000000,18,224000,362000000,405000000
ELIASN97,33272,184,189931,612000000,19,516000,118000000,233000000
ROCKETLEAGUE,63914,35.5,259144,227000000,20,253000,373000000,312000000
ESL_CSGO,20084,368.8,562080,741000000,21,421000,557000000,770000000
LOUD_CORINGA,42992,103.5,307450,445000000,22,734000,347000000,508000000
JUANSGUARNIZO,35358,143.9,409967,509000000,23,295000,900000000,168000000
ROSHTEIN,23605,272.6,84977,643000000,24,307000,107000000,947000000
HASANABI,32021,164,226974,525000000,25,328000,217000000,114000000
RUBIUS,35582,134.1,372079,477000000,26,191000,127000000,273000000
LCK,53074,49.6,307586,263000000,27,271000,151000000,143000000
NIX,41431,89.7,150020,372000000,28,374000,317000,187000000
STYLISHNOOB4,16283,388.7,112628,633000000,29,310000,871000,129000000
ILLOJUAN,34017,121.5,172186,413000000,30,117000,249000000,720000000
SHROUD,25493,180.1,516289,459000000,31,807000,103000000,571000000
CBLOL,43109,55.8,281184,240000000,32,180000,149000000,233000000
MONTANABLACK88,45094,43.2,194927,195000000,33,468000,465000000,156000000
CASIMITO,27714,145.8,534644,404000000,34,876000,275000000,378000000
NICKMERCS,24135,182.1,371232,440000000,35,245000,657000000,223000000
MIZKIF,32679,102.1,192216,334000000,36,154000,210000000,103000000
QUACKITYTOO,50019,21.5,140697,108000000,37,171000,292000000,351000000
加藤純一です,23886,176.4,241593,421000000,38,134000,654000,384000000
PGL_DOTA2,27047,116.3,161982,315000000,39,228000,301000,380000000
LPL,27622,109.3,149720,302000000,40,290000,898000,110000000
OTPLOL_,7565,719.2,204072,544000000,41,87000,574000,1000000000
한동숙,18040,223.4,58017,403000000,42,86000,512000,140000000
DOMINGO,27526,104.3,193354,287000000,43,487000,150000000,121000000
ZERATOR,26028,113.7,707071,296000000,44,386000,148000000,156000000
BRUCEDROPEMOFF,33358,60.7,69077,202000000,45,936000,963000,784000000
SODAPOPPIN,18865,197.9,110052,373000000,46,93000,881000000,398000000
LOLTYLER1,18022,211.6,368484,381000000,47,189000,506000000,301000000
VALORANT_JPN,27654,93.3,113833,258000000,48,209000,345000,234000000
ELRAENN,26371,100.4,163915,265000000,49,102000,353000000,101000000
SUMMIT1G,12214,349.3,310998,427000000,50,37000,612000000,505000000
LUQUET4,20658,153,92525,316000000,51,127000,704000,445000000
LIRIK,20175,154,89170,311000000,52,18000,290000000,422000000
AMINEMATUE,32006,50.5,137141,162000000,53,657000,126000000,149000000
LVPES,21466,134.2,232608,288000000,54,143000,987000,241000000
RAINBOW6,27181,73,191703,198000000,55,201000,235000000,115000000
풍월량,14559,232.4,44351,338000000,56,23000,590000,158000000
GEORGENOTFOUND,39509,7.1,387003,279000,57,17000,484000000,214000000
BUSTER,26259,68.9,162925,181000000,58,586000,320000000,114000000
THEREALKNOSSI,30370,42.6,336065,129000000,59,307000,204000000,687000000
WILBURSOOT,39113,5.6,215211,217000,60,190000,460000000,251000000
TENZ,24440,81.8,85010,200000000,61,126000,305000000,528000000
BETBOOM_RU,17302,157.1,93935,272000000,62,342000,158000,189000000
SQUEEZIE,36134,11.4,388941,411000,63,202000,365000000,667000000
QUIN69,12514,260.6,44153,326000000,64,53000,701000,113000000
NMPLOL,23069,84.4,85653,195000000,65,112000,102000000,547000000
CSGO_MC,17963,141.9,364816,255000000,66,117000,115000000,151000000
EVELONE192,32620,23.2,153742,756000,67,138000,222000000,991000000
우왁굳,14223,204.6,44069,291000000,68,103000,881000,863000000
GERARDROMERO,15362,175.1,146872,269000000,69,792000,334000,454000000
KAMET0,16514,152.3,419458,252000000,70,126000,146000000,108000000
ANTOINEDANIEL,20017,103,74618,206000000,71,385000,871000,373000000
YOURRAGEGAMING,19632,107.2,50469,210000000,72,588000,112000000,112000000
JLTOMY,13062,217.2,261719,284000000,73,147000,109000000,503000000
울프,22650,69.8,105866,158000000,74,89000,428000,290000000
ALANZOKA,17786,122.1,147051,217000000,75,477000,591000000,206000000
WARFRAME,32971,8.1,433736,268000,76,102000,177000000,363000000
BIYIN_,21062,77.5,174435,163000000,77,144000,288000000,286000000
ELXOKAS,10607,265.2,1208144,281000000,78,105000,296000000,969000000
CELLBIT,14696,157.3,151997,231000000,79,307000,244000000,841000000
AUSTINSHOW,30645,11.8,186197,361000,80,130000,166000000,426000000
K4SEN,14567,158.1,66627,230000000,81,240000,404000,102000000
ZACKRAWRR,11048,247.2,40857,273000000,82,517000,894000,218000000
MOONMOON,14627,155.8,42066,228000000,83,24000,113000000,995000000
GRONKH,19266,87.6,115784,169000000,84,99000,149000000,112000000
NOWAY4U_SIR,12206,205.2,39459,251000000,85,66000,559000,101000000
GABEPEIXE,11019,238.9,101307,263000000,86,428000,915000,195000000
WESTCOL,22638,52.6,45067,119000000,87,967000,651000,512000000
HISWATTSON,10812,237.9,21393,257000000,88,720000,361000,135000000
TSM_IMPERIALHAL,16198,116.4,108815,189000000,89,270000,167000000,705000000
GORGC,12331,183.5,55738,226000000,90,83000,596000,834000000
RIVERS_GG,15188,119.4,67309,181000000,91,264000,178000000,456000000
AMOURANTH,8513,308.2,33530,262000000,92,719000,580000000,401000000
TOMMYINNIT,28051,7.8,650237,219000,93,136000,728000000,642000000
YODA,10829,213.3,132814,231000000,94,108000,236000000,248000000
JUST_NS,14433,128.4,114216,185000000,95,91000,536000,555000000
IITZTIMMY,8661,294.7,138482,255000000,96,878000,241000000,462000000
MOISTCR1TIKAL,13275,149.5,69435,198000000,97,714000,444000000,593000000
JASPER7SE,13440,144.9,42321,195000000,98,148000,381000,326000000
PARADEEV1CH,23418,30.9,81966,723000,99,522000,111000000,124000000
TFUE,12338,167.9,316214,207000000,100,337000,112000000,310000000
ETOILES,14983,116.2,242237,174000000,101,462000,781000,445000000
CDAWGVA,15856,100.1,31802,159000000,102,442000,856000,913000000
TRYMACS,17384,78.4,365000,136000000,103,212000,309000000,148000000
DOUBLELIFT,14928,109,64735,163000000,104,63000,173000000,102000000
BUDDHA,11051,183.8,67137,203000000,105,55000,821000,719000000
REBIRTHZTV,12941,134.6,47600,174000000,106,118000,682000,464000000
RANBOOLIVE,21322,30.4,346132,647000,107,217000,440000000,669000000
VALORANT_BR,13528,117,120540,158000000,108,274000,503000,166000000
CARRERAAA,13276,119.4,43252,158000000,109,234000,263000000,107000000
MIXWELL,16499,67.9,87546,112000000,110,278000,868000,264000000
EAMADDENNFL,21549,22.8,97361,490000,111,296000,490000,242000000
KORESHZY,19454,38,64628,738000,112,547000,106000000,123000000
COHHCARNAGE,9088,219.6,68777,200000000,113,29000,145000000,223000000
CLIX,11052,153,101555,169000000,114,392000,541000000,123000000
PRIMELEAGUE,17678,48,69881,849000,115,114000,189000,249000000
EWROON,11685,135,34314,158000000,116,40000,846000,707000000
CAEDREL,13632,97.1,40670,132000000,117,118000,364000,142000000
THEBAUSFFS,14670,80.8,47879,119000000,118,218000,812000,221000000
BLAZERAFFLE,22927,7.6,37266,175000,119,543000,237000,--
蝦愛橘子,3814,655,9944,250000000,120,43000,144000,733000000
INTOHEEKI,23173,5.2,39741,121000,121,100000,226000,130000
FABRIZIOROMANO,21702,13,73909,282000,122,283000,524000,639000000
TUMBLURR,13317,97.5,45523,130000000,123,168000,964000,232000000
PONCE,11892,123.2,102442,147000000,124,235000,799000,607000000
JERMA985,18679,32.5,101270,607000,125,200000,106000000,218000000
THEGAMEAWARDS,22405,5.6,257778,126000,126,55000,838000,107000000
FORSEN,9782,164.8,80860,161000000,127,25000,164000000,171000000
BYSL4M,12314,103.6,106769,128000000,128,309000,152000,277000000
PENTA,9070,182.1,22781,165000000,129,33000,338000,226000000
EMIRU,18220,28.3,51303,516000,130,273000,103000000,161000000
WTCN,13736,74.9,113911,103000000,131,163000,278000000,142000000
POKEMONGO,18350,24.5,46297,449000,132,647000,165000,250000000
CHOWH1,8672,186.6,59343,162000000,133,225000,641000,304000000
MISTERMV,11264,115.3,70183,130000000,134,220000,815000,861000000
EVELONE2004,17090,34,56415,580000,135,328000,460000,252000000
ESPORTS_RAGE,19141,16.8,74276,322000,136,73000,112000,305000000
BAIANO,11448,109.9,130745,126000000,137,68000,776000,605000000
ERAY,11155,114.9,30042,128000000,138,630000,641000,193000000
GMHIKARU,10988,117.2,76963,129000000,139,121000,147000000,175000000
LLA,16255,39.6,302299,644000,140,107000,517000,350000000
KENDINEMUZISYEN,12388,87.9,92142,109000000,141,328000,245000000,101000000
FEXTRALIFE,9358,154.8,213773,145000000,142,-84000,135000000,2147000000
LOLPACIFICTW,13656,67.2,165491,917000,143,22000,211000,449000000
ELAJJAZ,7142,235.1,22212,168000000,144,953,442000,704000000
IWDOMINATE,8616,172.6,26774,149000000,145,58000,846000,711000000
DOTA2MC,13768,60.5,238996,833000,146,13000,710000,202000000
ZERKAA,12386,80.8,37875,100000000,147,159000,133000000,427000000
FARFADOXVEVO,11208,101.6,51180,114000000,148,714000,120000000,981000000
K3SOJU,12283,80.4,29469,987000,149,39000,398000,219000000
STROGO,17928,16.5,46255,296000,150,114000,103000000,322000000
ABUGOKU9999,7518,208.2,34917,157000000,151,231000,354000,764000000
CALL OF DUTY,17160,22.4,225308,384000,152,263000,111000000,634000000
IRONMOUSE,9372,141.8,31343,133000000,153,359000,134000000,215000000
LVNDMARK,8148,179.9,142376,147000000,154,111000,950000,627000000
SWEETDREAMS,8498,164.1,35754,139000000,155,263000,763000,224000000
VYSOTZKY,11056,97.4,50297,108000000,156,108000,317000,891000000
N3KOGLAI,17408,16.7,543743,290000,157,90000,237000000,128000000
POKIMANE,17328,17.3,138482,300000,158,61000,923000000,220000000
THEGREFG,10889,99.4,2470347,108000000,159,584000,102000000,263000000
SHXTOU,11852,80.9,34406,959000,160,804000,815000,135000000
CONTERSTINE,7455,197.6,62851,147000000,161,972000,103000000,168000000
ACEU,9692,123.7,36749,120000000,162,275000,275000000,711000000
SHAHZAM,6576,240,35580,158000000,163,418000,160000000,519000000
KYEDAE,10698,100,107583,107000000,164,909000,186000000,311000000
CORINNAKOPF,13641,51.8,22874,707000,165,739000,968000,492000000
ESFANDTV,6792,227.1,55398,154000000,166,120000,116000000,819000000
PGL_DOTA2EN2,10456,103.7,63328,108000000,167,137000,883000,298000000
WHOPLOHOYPAREN,13223,56.5,71594,747000,168,439000,683000,668000000
OTZDARVA,8882,143.3,37035,127000000,169,151000,829000,207000000
HYPE,11131,88.5,54574,985000,170,109000,557000,284000000
NINJA,12891,59.6,616693,768000,171,310000,183000000,572000000
PIUZINHO,9363,126.4,50979,118000000,172,118000,319000,--
VOODOOSH,7101,205.4,31729,146000000,173,110000,227000,413000000
FANUM,9666,117,25058,113000000,174,761000,572000,119000000
JBZZED,6902,212,18966,146000000,175,439000,483000,128000000
SUPERBUSS_,8913,136.4,39799,122000000,176,130000,228000,773000000
SINATRAA,7671,176.8,33601,136000000,177,507000,165000000,497000000
SILVERNAME,11823,71.5,47383,845000,178,26000,793000,159000000
침착맨,9909,107.1,43949,106000000,179,92000,698000,738000000
WIRTUAL,7649,174.8,15478,134000000,180,114000,295000,529000000
STRAY228,9685,110.2,44560,107000000,181,224000,126000000,120000000
서새봄냥,5262,303.7,40819,160000000,182,15000,653000,130000000
KATIE_CALLS,15164,25.2,21707,382000,183,30,18000,--
KATIE_NALLS,15321,23.4,24785,358000,184,19000,20000,--
CASTRO_1021,10729,85.3,180269,915000,185,68000,354000000,136000000
COREANO,4822,337.2,62371,163000000,186,157000,486000,178000000
WARCRAFT,11806,65.3,98596,771000,187,170000,658000,826000000
BRATISHKINOFF,12255,57.6,146916,706000,188,215000,225000000,114000000
괴물쥐123,7114,186.8,73569,133000000,189,111000,801000,560000000
랄로,12779,49,43686,626000,190,89000,541000,161000000
B0ATY,5713,256.9,42801,147000000,191,51000,564000,831000000
PAYMONEYWUBBY,13813,32.7,44403,451000,192,34000,569000,119000000
ESL_DOTA2B,13585,34.3,69232,466000,193,113000,153000,508000000
CHRISTIANVIERIOFFICIAL,14997,19.6,57964,294000,194,159000,501000,330000000
BECCA_PILLS,14879,20.3,24543,302000,195,18,12000,--
CRITICALROLE,12876,42.3,212816,545000,196,78000,114000000,322000000
MARKITONAVAJA,15972,8.5,107980,135000,197,93000,181000000,192000000
EDWIN_LIVE,7581,151.4,28820,115000000,198,141000,319000,503000000
MAXIMILIAN_DOOD,9078,105.6,62310,958000,199,45000,112000000,843000000
GOTAGA,9581,93.4,405271,895000,200,169000,369000000,185000000
ELDED,8078,133.1,54483,107000000,201,424000,522000000,824000000
QTCINDERELLA,12262,45.2,381436,554000,202,200000,789000,212000000
릴파_,8440,120.8,38159,102000000,203,100000,200000,562000000
MCKYTV,7702,143.9,76882,111000000,204,137000,127000000,485000000
PAULETA_TWITCH,10440,73,42305,762000,205,148000,389000,453000000
RECRENT,5384,255.6,47737,138000000,206,142000,807000,743000000
FUSLIE,10326,74.6,55550,771000,207,79000,122000000,542000000
SKIPNHO,5528,244.2,54389,135000000,208,117000,123000000,779000000
DIARIOMARCA,8131,125.9,54270,102000000,209,39000,183000,960000000
NBA2KLEAGUE,11363,54.5,194136,619000,210,63000,200000,192000000
TANZVERBOT,12525,38,32258,476000,211,375000,672000,899000000
EGORKREED,10617,66.4,56996,705000,212,315000,104000000,125000000
RIOTGAMESTURKISH,11873,44.2,63733,524000,213,67000,825000,170000000
TWITCHRIVALS,11521,49.2,189150,567000,214,149000,220000000,269000000
YBICANOOOOBOV,6256,192.9,21005,121000000,215,61000,630000,877000000
KATIE_AALLS,13521,23.4,23895,317000,216,747,26000,--
MCH_AGG,2344,713.2,46841,167000000,217,150000,572000,364000000
ENVIOSITY,4177,346.7,81491,145000000,218,204000,710000,232000000
YATORORAIN,9761,77.7,28460,759000,219,630000,212000,174000000
PAPESAN,9961,72.6,23736,723000,220,585000,203000,741000
LVPES2,8946,94.1,94398,842000,221,111000,489000,723000000
AFROPUNK,13175,24.4,23833,321000,222,30000,54000,233000000
UNLEASHTHEFEASTTV,15088,5.8,26907,868000,223,215,23000,--
DOPA24,11677,42.9,44614,500000,224,133000,652000,166000000
SWAGG,9340,83.3,90947,778000,225,128000,212000000,461000000
JOUEUR_DU_GRENIER,11440,45.3,181902,518000,226,123000,812000,224000000
BRAWLHALLA,11992,37.6,162409,450000,227,131000,175000000,327000000
LYONWGFLIVE,13691,17.7,76770,242000,228,87000,878000,152000000
YOUNGMULTI,10492,60,33776,629000,229,276000,689000,949000000
ALDO_GEO,8715,97,31934,846000,230,531000,895000,483000000
XAYOO_,14007,12.8,190279,179000,231,22000,929000,536000000
CAROLA,6867,152.9,79320,105000000,232,942000,119000000,203000000
DAVOOXENEIZE,7815,119.5,20605,933000,233,429000,293000,188000000
SCUMP,13917,13.2,101779,184000,234,58000,130000000,427000000
らっだぁ,9474,76.1,31651,720000,235,104000,364000,861000000
SHADOWKEKW,11586,39.9,34509,462000,236,79000,331000,974000000
39DAPH,6004,189.2,44646,114000000,237,82000,109000000,325000000
IMLS,5810,199.4,43612,116000000,238,229000,633000,401000000
JESUSAVGN,8282,103.3,106667,855000,239,131000,154000000,756000000
DUKE,13199,18.7,45332,247000,240,544000,899000,130000000
NORTHERNLION,8333,100.8,50421,840000,241,53000,581000,370000000
CD PROJEKT RED,14169,8.4,286335,119000,242,166000,442000,190000000
JANKOS,10552,53,42426,559000,243,89000,121000000,617000000
비챤_,8123,105.1,19281,854000,244,94000,186000,527000000
老皮,6944,143.6,20032,997000,245,34000,515000,138000000
ARIGAMEPLAYS,9795,65,281402,637000,246,200000,497000000,369000000
FOOLISH_GAMERS,6749,146.7,133517,990000,247,96000,177000000,256000000
KATIE_XALLS,12458,23.2,22913,289000,248,22,26000,--
KYLE,5973,178.4,28896,107000000,249,44000,481000,308000000
POKEMON,9665,63.4,130432,613000,250,466000,548000,412000000
다주,6531,152.1,42675,993000,251,60000,342000,344000000
POKELAWLS,7188,123.7,67746,889000,252,49000,103000000,473000000
ZEVENT,9819,57.5,137266,565000,253,803000,291000,150000000
BUSTEROID1337,11066,37.2,23387,412000,254,786000,138000,--
TRASHTASTEPODCAST,13666,6.8,53310,928000,255,102000,343000,179000000
AGENT00,6988,128.6,19060,898000,256,855000,331000,360000
QUICKYBABY,5097,220.6,14306,112000000,257,38000,509000,528000000
ZIZARAN,5995,168.4,30289,101000000,258,73000,370000,692000000
징버거,6992,127,16864,888000,259,88000,180000,518000000
릴카,5646,185.1,19976,105000000,260,153000,262000,448000000
WANKILSTUDIO,11341,30.4,32755,344000,261,117000,107000000,255000000
PERXITAA,7347,112.7,77009,828000,262,861000,226000000,418000000
SPYGEA,6372,148.1,60772,944000,263,65000,540000,616000000
SHYLILY,6482,143.3,26223,929000,264,781000,807000,411000000
김도,5525,189.2,16612,105000000,265,232,318000,675000000
GALEGUINS,5446,193.7,46026,105000000,266,259000,390000,137000000
DISGUISEDTOAST,7342,111,61522,815000,267,46000,273000000,903000000
BICHOUU_,6061,159.3,34148,966000,268,115000,686000,179000000
KATIE_WALLS,11661,24.1,22925,281000,269,12000,16000,--
CHILLEDCHAOS,6546,138,23613,903000,270,32000,420000,119000000
KATIE_MALLS,11570,24.5,27026,283000,271,25,17000,--
FLIGHT23WHITE,11318,27.5,106892,311000,272,294000,194000000,129000000
BLACKELESPANOLITO,6184,151.5,41836,937000,273,271000,749000,246000000
양띵,10708,35.5,38412,380000,274,774,336000,143000000
ZEALSAMBITIONS,4097,288,26665,118000000,275,24000,269000,466000000
KNEKRO,5900,162,59165,956000,276,56000,861000,644000000
DRB7H,11696,20.5,22337,240000,277,158000,500000,182000000
녹두로,6026,154.4,22726,930000,278,30000,263000,343000000
JINNYTTY,4579,240.4,19573,110000000,279,470000,818000,605000000
JAHREIN,10741,32.3,316703,347000,280,159000,169000000,902000000
RRAENEE,8482,73.3,22205,622000,281,530000,584000,114000000
TWITCHRIVALS_TW,12895,6.2,14405,795000,282,37000,392000,308000000
고세구___,7679,93,24526,714000,283,106000,202000,626000000
BT0TV,3140,399.6,41504,125000000,284,200000,380000,200000000
아이네_,10923,27.4,29435,300000,285,78000,208000,615000000
KARLNETWORK,12135,11,93412,134000,286,67000,129000000,778000000
주르르,7039,105.4,35570,742000,287,93000,182000,489000000
ALEXELCAPO,7656,86.4,108851,661000,288,76000,998000,798000000
ZOOMAA,4479,234.2,21887,105000000,289,111000,255000,790000000
BRAWLSTARS,10495,29.9,66355,314000,290,48000,198000,880000000
따효니,4327,245,32336,106000000,291,352,360000,817000000
SUBROZA,6011,142.2,20129,854000,292,225000,857000,248000000
SIDNEYEWEKA,6494,122.2,38511,793000,293,257000,679000,113000000
FORTNITE,12145,8.5,700529,103000,294,66000,521000000,109000000
STEWIE2K,5145,186,27512,957000,295,407000,116000000,205000000
MATHIL1,4592,222.8,28388,102000000,296,34000,356000,552000000
AGUSTINUNAPLAY8,7093,100.6,16451,714000,297,98000,161000,111000000
KNUT,4878,200.3,53655,977000,298,270000,362000,910000000
DMITRY_LIXXX,6975,103.3,31463,721000,299,194000,961000,447000000
接接,5232,178.2,23192,933000,300,349,364000,149000000
JUSTCOOMAN,5412,168.1,14427,910000,301,115000,299000,248000000
AMAZONMUSIC,9705,39.6,233944,384000,302,172000,517000,650000000
BOXBOX,6073,136.1,74768,826000,303,47000,204000000,125000000
ROCKETBAGUETTE,10760,23.1,34200,249000,304,27000,277000,989000000
AYDAN,4863,198.8,77954,967000,305,157000,285000000,630000000
DATTO,7055,98.5,163608,695000,306,180000,689000,205000000
CYR,9541,40,66152,381000,307,90000,584000,198000000
RIOTGAMESJP,7082,96.1,96114,680000,308,43000,250000,635000000
SCURROWS,6789,104.9,16237,712000,309,-34000,185000,537000000
WOOXSOLO,8153,66.8,37367,544000,310,115000,221000,844000000
ROBLEIS,7758,76.1,82090,590000,311,112000,435000000,237000000
CAPCOMFIGHTERS,9807,34.6,108815,339000,312,21000,394000,175000000
GAMESCOM,10210,28,140543,286000,313,227000,147000,326000000
RDULIVE,4429,223.2,13706,989000,314,15000,299000,335000000
JACKEYY,7055,94.6,28436,667000,315,91000,323000,110000000
AMAZONMUSICJP,11428,11.2,54680,128000,316,120000,549000,358000000
KATIE_OALLS,10389,24.3,23219,252000,317,606,13000,--
GLADD,3847,270.5,116567,104000000,318,91000,499000,312000000
ZELLSIS,4461,216,23878,964000,319,777000,294000,148000000
HITSQUADGODFATHER,1787,718.8,3838,128000000,320,57000,759000,733000
S0MCS,4905,183.8,20135,901000,321,336000,687000,174000000
SAINTONE,3245,338.2,17866,110000000,322,31000,143000,456000000
DEUCEACE,4872,183.7,25273,895000,323,67000,255000,138000000
GRUBBY,1792,709,14846,127000000,324,251000,501000,720000000
BARBAROUSKING,3442,310,25243,107000000,325,988,187000,192000000
HONEYDAE1485,11653,5.1,38188,595000,326,100000,105000,27000
FAIDE,6522,103.9,10777,678000,327,342000,650000,640000000
NIKLASWILSON,5632,139.7,26307,786000,328,256000,547000,683000000
PHILZA,7800,66.1,162626,516000,329,201000,410000000,520000000
VEIBAE,8896,42.4,37876,377000,330,146000,949000,134000000
GIGGAND,8822,43.8,21051,386000,331,133000,494000,617000000
FAZEKAYSAN,3852,256.9,17550,989000,332,485000,924000,264000
CARRY_GAME,6884,89.4,37412,615000,333,30000,941000,594000000
RACHAXP7,3201,331.2,7436,106000000,334,464000,858000,255
슈카월드,10610,14.5,23951,154000,335,36000,130000,271000000
LUKISTEVE,7192,79.3,28973,570000,336,78000,256000,500000000
AUSSIEANTICS,3538,286.9,38304,101000000,337,151000,854000,286000000
ADMIRALBAHROO,5679,131.5,52399,747000,338,-954,832000,835000000
TUBBO,9274,33.2,332671,307000,339,134000,493000000,655000000
TECTONE,5777,127,62220,734000,340,140000,807000,168000000
DEEPINS02,8767,42,126995,368000,341,149000,142000000,375000000
TEUF,5108,158.9,23702,812000,342,117000,282000,121000000
SOLARY,1731,706.6,55973,122000000,343,104000,657000,191000000
NL_KRIPP,3796,255.3,97333,969000,344,194,148000000,264000000
MAYA,8526,45.5,91250,388000,345,142000,723000,197000000
餐餐自由配,5016,161.6,38259,811000,346,17000,429000,122000000
ASUNAWEEB,10312,15.5,35527,160000,347,140000,735000,181000000
RATIRL,5258,147.4,19829,775000,348,87000,750000,469000000
ADMIRALBULLDOG,4661,181.4,56253,845000,349,18000,776000,123000000
GAMERBROTHER,8469,44.5,76709,377000,350,118000,327000,362000000
MOKRIVSKYI,10009,18.8,94641,188000,351,31000,897000,256000000
M0NESYOF,10913,7,18435,767000,352,127000,577000,119000000
QOJQVA,4277,207.2,11973,886000,353,70000,169000,635000000
FOLAGORLIVES,3441,286.9,57813,987000,354,193000,147000000,469000000
XXXTHEFOCUSXXX,5402,138,51974,745000,355,845000,157000000,207000000
SANTUTU,7749,58.7,21763,455000,356,545000,467000,140000000
XROHAT,6254,101.9,67456,637000,357,252000,612000,163000000
BOTEZLIVE,8098,50.4,86864,408000,358,150000,110000000,864000000
CROWN,8764,37,152639,324000,359,-16000,188000,136000000
CHAP_GG,5016,155.7,42505,781000,360,116000,236000,512000000
SOLARYHS,1963,587.7,20855,115000000,361,12000,188000,571000000
ELOTRIX,6316,98,77178,619000,362,174000,142000000,329000000
SAPNAPLIVE,9714,20.7,75655,201000,363,111000,119000000,536000000
OTKNETWORK,1645,719.8,47628,118000000,364,259000,231000,104000
오킹,4121,213,19134,878000,365,154000,769000,314000000
KITBOGA,7945,51.7,44265,411000,366,52000,113000000,332000000
H2P_GUCIO,4419,188.6,17510,833000,367,52000,303000,463000000
REZO,9831,17.6,33582,172000,368,155000,468000,710000000
JOKERDTV,3240,300.7,308086,974000,369,66000,243000,218000000
THEREALMARZAA,4779,163.7,28340,782000,370,144000,115000000,139000000
DENDI,4644,171.9,30188,798000,371,252000,975000,683000000
LOCKLEAR,6948,74.4,58905,517000,372,123000,188000000,647000000
FRAMETAMER666,6908,75.2,58858,520000,373,533000,512000,132000000
おにや,7565,57.4,31876,434000,374,84000,191000,330000000
ZUBAREFFF,8372,40.1,18130,336000,375,466000,435000,464
ROOTTHEGAMER,8171,43.4,25445,354000,376,91000,831000,966000
VALORANT_KR,6192,95.9,24122,594000,377,169000,102000,897000000
SAPNAP,10366,7.8,287152,804000,378,36000,303000000,127000000
NYANNERS,7075,67.4,27613,477000,379,118000,848000,117000000
DHALUCARD,4167,198.4,30074,827000,380,-14000,497000,434000000
IM_DONTAI,6210,93,46789,577000,381,293000,161000000,106000000
HUSKERRS,4514,173.5,40962,783000,382,72000,106000000,397000000
PUNZ,4543,171.6,61243,780000,383,72000,143000000,180000000
GRONKHTV,1585,719.4,23816,114000000,384,68000,458000,214000000
BETBOOM_RU2,5809,107.3,40895,624000,385,125000,359000,862000
DIAZBIFFLE,6612,79.5,46932,525000,386,152000,520000,104000000
MRSAVAGE,6773,74.1,88531,502000,387,272000,277000000,416000000
UBERHAXORNOVA,3826,225.1,15989,861000,388,22000,541000,288000000
SCHRODINGERLEE,4536,169.9,7496,771000,389,942000,714000,808000
ELZEEIN,5286,126.8,18648,670000,390,133000,174000,318000
UNGESPIELT,4066,200.9,25706,817000,391,341000,136000000,311000000
쌍베,5191,130.8,31421,679000,392,11000,226000,531000000
ZLOYN,6860,69.1,74131,474000,393,114000,808000,284000000
SASATIKK,3822,220.8,41391,844000,394,50000,153000,169000000
PROD,3627,238.8,12692,866000,395,292000,585000,822000000
AMPETERBY7,5488,116.4,143231,639000,396,946000,227000000,183000000
花輪同學,3131,295.3,20543,924000,397,45000,253000,157000000
SHAUNZ,4652,158.7,29020,738000,398,80000,260000,321000000
LENAGOL0VACH,5298,124,17104,657000,399,82000,344000,295000000
노돌리,3727,227.3,19147,847000,400,92000,237000,159000000
BTSSMASH,2414,414.7,94269,100000000,401,83000,366000,226000000
REVEDTV,7124,59.6,75163,425000,402,131000,879000,251000000
BONJWA,2530,387.5,33444,980000,403,695,215000,835000000
얍얍,5692,104.3,35476,594000,404,381,327000,890000000
GTAWISEGUY,4212,183.3,22833,772000,405,55000,318000,247000000
JOLAVANILLE,3746,220.9,13277,827000,406,112000,345000,154000000
EUMASTERS,7415,51.1,44056,379000,407,45000,137000,542000000
VGBOOTCAMP,4372,170.9,151180,747000,408,72000,618000,952000000
HITBOXKING,3662,226.8,39437,831000,409,144000,434000,188000000
한갱,6401,77.5,19893,496000,410,192000,376000,204000000
SUMMONERSINNLIVE,4327,172.7,105574,747000,411,12000,570000,156000000
TEEPEE,4053,191,78741,774000,412,70000,896000,494000000
LOLWORLDCHAMPIONSHIP,1737,607.7,4936,106000000,413,216000,802000,181000000
THIJS,4833,139.3,44931,673000,414,10000,785000,114000000
中信兄弟官方頻道,6000,88.4,57079,530000,415,30000,133000,227000000
STAIY,4965,131.7,17698,654000,416,80000,291000,340000000
RUSH,6431,73.8,21743,474000,417,77000,597000,249000000
ANTHONYZ,3732,213.9,32911,798000,418,31000,585000,367000000
AGRAELUS,4252,172.3,54289,733000,419,38000,603000,887000000
GRENDY,4550,152.9,8410,696000,420,93000,131000,590000000
GRENBAUD,7567,42.7,44756,323000,421,108000,831000,933000000
THEKAIRI78,4861,133.6,51592,649000,422,300000,157000000,133000000
악어,6197,77.6,65818,481000,423,661,356000,202000000
RICHWCAMPBELL,8218,28.4,71463,233000,424,85000,603000,229000000
POLISPOL1,4415,157.8,47586,697000,425,867000,882000,708000000
FRTTT,2499,372.3,8153,931000,426,199000,365000,109000000
BETHESDA,8983,14.8,382658,133000,427,72000,667000,356000000
RPGLIMITBREAK,3923,190.6,30652,747000,428,21000,128000,371000000
IAMCRISTININI,4549,146.8,58228,668000,429,636000,313000000,922000000
김진우,3565,220.5,33849,786000,430,12000,327000,356000000
ELCHIRINGUITOTV,4075,177.2,129514,722000,431,308000,750000,178000000
ALTAIR,3475,228.6,11408,794000,432,43000,868000,142000000
TPABOMAH,4707,136.8,21712,644000,433,159000,445000,271000000
嬌兔,3763,199.2,12463,750000,434,19000,241000,628000000
SYMFUHNY,4061,174.8,47884,710000,435,51000,360000000,923000000
QUARTERJADE,5909,81.9,37287,484000,436,119000,970000,244000000
TONTON,4034,176.4,43194,711000,437,179000,421000,372000000
NICKEH30,4767,130.5,88180,622000,438,383000,409000000,799000000
DALTOOSH,4619,136.8,30181,632000,439,56000,728000,197000000
MYM_ALKAPONE,4368,151.7,39163,662000,440,27000,110000000,615000000
SKILL4LTU,3697,200.9,15912,743000,441,38000,233000,218000000
SEQUISHA,2693,320.7,58982,864000,442,21000,370000,289000000
BECCA_BILLS,8163,23.9,10243,195000,443,20,20,--
CLASSYBEEF,2138,429.3,51120,918000,444,45000,264000,208000000
STEELMAGE,4418,143.4,27882,633000,445,25000,129000,213000000
XARI,5340,97,53814,518000,446,141000,395000,205000000
NISSAXTER,4655,128.2,17078,597000,447,94000,607000,120000000
AMAR,4637,127.9,183300,593000,448,91000,146000000,617000000
EROBB221,4598,129.7,34103,596000,449,109000,403000,116000000
STROGO1337,6928,44.8,16561,310000,450,133000,339000,530000000
RDCGAMING,7043,41.9,24121,295000,451,164000,499000,227000000
AQUINOBY2002,5782,77.3,11477,447000,452,166000,551000,539000000
GENSYXA,7083,40.5,40832,287000,453,121000,960000,333000000
DARIOMOCCIATWITCH,4563,129.8,21206,592000,454,70000,390000,237000000
LACOBRAAA,4034,162.8,12196,657000,455,174000,157000,264000000
SINGSING,3162,240.5,24068,760000,456,647,625000,101000000
XMERGHANI,5904,72.1,15369,425000,457,94000,271000,431000000
EASTGEEKSMASH,8464,12.9,27100,109000,458,25000,335000,230000
DOGDOG,4834,114.2,31142,552000,459,469,635000,706000000
던전앤파이터_공식채널,8903,6.1,39423,543000,460,24000,378000,515000
SKYLINETVLIVE,7075,38.8,30995,275000,461,253000,777000,773000
RTAINJAPAN,7861,22.1,182595,174000,462,922,277000,179000000
파카9999,5782,73.7,47236,426000,463,55000,398000,246000000
狂暴西南2,4469,131.2,7768,586000,464,896,532000,114000000
BEAST1K,2782,283.8,9915,789000,465,47000,427000,714000
KATIE_LALLS,7670,23.5,24846,180000,466,19,10000,--
POPO,7865,19.7,44378,155000,467,26000,410000,116000000
TINAKITTEN,7307,30.1,54388,220000,468,114000,124000000,129000000
OHNEPIXEL,3937,159.8,16998,629000,469,180000,208000,269000000
JELTY,5054,97.2,72174,491000,470,171000,286000000,790000000
LEVO,4232,139.8,18072,592000,471,64000,735000,393000000
MAYICHI,3957,157.9,36022,625000,472,153000,157000000,363000000
DOUGDOUGW,6700,43,13183,288000,473,177000,505000,275000000
MYNTHOS,4113,146.5,20056,602000,474,178000,199000,104000000
BECCA_WILLS,7579,23.5,14533,178000,475,16,16,--
PVFRANGO,3367,204.3,37135,688000,476,480000,310000,422
SKYRROZTV,3912,158.9,77966,621000,477,157000,103000000,285000000
탬탬버린,4258,135.8,18953,578000,478,25000,580000,541000000
KATIE_VALLS,7542,23.4,23170,176000,479,15,18000,--
XPOSED,4117,144.2,18711,594000,480,80000,527000,182000000
波靈,2947,249.6,11585,736000,481,110000,782000,201000000
NADIA,3517,189.2,6365,665000,482,195000,464000,398000
STOOPZZ,3595,182.1,14221,654000,483,25000,165000,381000000
PAYO,2771,271.8,12263,753000,484,53000,268000,302000000
INSYM,4515,119.6,24271,540000,485,105000,371000,623000000
TASPIO,3183,218.6,29556,696000,486,231000,573000,770000000
AMAZONMUSICDE,8240,8.9,61163,729000,487,48000,121000,734000000
TVPLAY_CALCIOMERCATOIT,4488,118.2,6622,530000,488,37000,229000,409000000
MANDE,4217,133.4,12281,562000,489,137000,323000,886000000
MLODZIUTKI7,5658,68.2,15391,386000,490,91000,118000,107000000
PIZFN,2833,257.3,24961,729000,491,111000,592000,275000000
YASSUO,4216,132.6,90095,559000,492,-62000,199000000,108000000
REBORN_LIVE,4257,129.9,113707,553000,493,502000,223000000,455000000
DROPPED,3034,231.1,12669,701000,494,128000,286000,609000000
ALPHACAST,4279,127.8,52543,547000,495,90000,601000,409000000
GENBURTEN,3242,207.3,11638,672000,496,259000,426000,735000000
WILLNEFF,6565,40.4,42590,265000,497,119000,376000,879000000
KMSENKANGOO,4363,122.1,15930,533000,498,170000,182000,525000
GLORIOUS_E,2889,246.3,40764,712000,499,79000,196000,746000000
殺梗,2553,294.1,20361,751000,500,240,320000,116000000
AZTECROSS,5403,74.3,29157,401000,501,165000,246000,285000000
GAECHKATM,6827,33.3,41653,227000,502,144000,431000,112000000
ESL,5550,69,39743,383000,503,207000,288000,681000000
SWEATCICLE,3665,167,61948,612000,504,127000,363000,941000000
TUANZY,8262,6.2,82312,509000,505,94000,317000,442000
SHLOROX,3193,208.3,21757,665000,506,15000,399000,696000000
FL0M,2678,269.2,19873,721000,507,35000,765000,734000000
TAYLOR_JEVAUX,5102,82.9,19400,423000,508,247000,168000000,340000000
GONCHO,4402,115.2,62766,507000,509,60000,109000000,419000000
MAXIMUM,4293,120.1,161544,515000,510,16000,395000,411000000
REVENTXZ,3838,148,93336,568000,511,344,900000,331000000
COSCU,5867,54.3,425659,318000,512,217000,360000000,883000000
MELHARUCOS,3074,214.2,14845,658000,513,43000,402000,806000000
RAINBOW6BRAVO,6433,38,77348,244000,514,66000,226000,386000000
ZANOXVII,5106,79.3,158760,405000,515,117000,159000000,301000000
AXOZER,3823,146.5,557151,560000,516,874000,254000000,289000000
TEEGRIZZLEY,5606,60.9,35133,342000,517,187000,870000,535000000
ROBCDEE,3365,182.6,14876,614000,518,50000,262000,139000000
LCO,6652,31.8,21322,211000,519,27000,356000,528000000
마젠타_,4278,117.1,13549,501000,520,274000,357000,195000000
ALEXBY11,5454,65.2,73607,356000,521,387000,320000000,476000000
叶ちゃんねる,5664,57.5,18647,326000,522,172000,266000,165000000
TOLKINLOL,3634,157.8,21562,573000,523,77000,212000,118000000
BROXAH,3948,135,19261,533000,524,98000,390000,965000000
JONVLOGS,6004,46.9,21617,282000,525,224000,105000000,134000000
ボドカさん,3161,198.9,16996,629000,526,206000,231000,117000000
ASPASZIN,7733,8.9,13982,687000,527,52000,304000,480000000
VICKYPALAMI,3820,142.8,31330,545000,528,420000,305000,398000000
PQUEEN,5643,56.8,362223,320000,529,269000,211000000,514000000
SNEAKYLOL,2390,300.1,34565,717000,530,-101,176000000,141000000
SMITEGAME,1628,497,88784,809000,531,275,680000,204000000
QUITELOLA,3833,139.8,15251,536000,532,341000,591000,148000
PUTUPAU,2413,293.2,21928,708000,533,101000,338000,817000000
DRUTUTT,4679,91.9,12200,430000,534,113000,344000,906000000
DIARIOSPORT,5633,55.6,22085,313000,535,11000,90000,224000000
RDJAVI,4462,102.1,6732,455000,536,110000,913000,325000
NOCTAQ,6288,36.8,97687,231000,537,91000,189000,208000000
TYCENO,4894,81.6,44487,399000,538,160000,642000,517000000
ODABLOCK,2609,259.6,49656,677000,539,40000,255000,131000000
AVERAGEJONAS,1547,518.7,26481,802000,540,542000,853000,181000000
KOSTEZE,5902,44.6,15901,263000,541,242000,829000,879000
LUZU_TV,3323,173.2,10317,575000,542,218000,143000,411000
ORANGEMORANGE,5963,42.3,15704,252000,543,-33000,544000,243000000
IJENZ,1163,720,2658,837000,544,409000,575000,143000000
DISTORTION2,3795,135.9,19154,516000,545,13000,514000,384000000
TRICKYWI,1867,402.1,6340,751000,546,138000,162000,131000000
SAVYULTRAS90,1162,720.1,10918,836000,547,53000,137000,385000000
SILKY,5076,70.6,16129,358000,548,99000,367000,641000000
ROYALPHUNK,3308,172.8,23104,572000,549,18000,257000,324000000
富邦悍將官方頻道,5315,61.3,27353,326000,550,31000,527000,561000
ELMIILLOR,6068,38.4,47655,233000,551,-122,790000,823000000
HIKO,4726,83.9,41689,396000,552,19000,176000000,696000000
MAXIM,3468,157.1,21262,545000,553,27000,448000,223000000
FUNNYHOODVIDZTV,4876,76.3,8698,372000,554,404,393000,206
LITTLEBIGWHALE,4032,117.8,101276,475000,555,203000,548000,271000000
SHISHEYU_MAYAMOTO,3765,134.6,14233,507000,556,60000,998000,775000000
GIGGUK,5899,41.1,12393,242000,557,279000,274000,662000
火暴可可,6661,22.2,20341,148000,558,73000,197000,106000000
MOUNT,2553,254,35951,649000,559,140000,781000,303000000
FRITZ_MEINECKE,6302,29.9,24193,189000,560,172000,356000,284000000
DOTA2RUHUB,3246,172.9,236164,561000,561,29000,960000,337000000
SMOKE,4412,94.4,31955,417000,562,23000,274000,157000000
C_A_K_E,3695,136.2,34112,503000,563,15000,341000,897000000
CHESS,5268,59.1,139185,311000,564,29000,817000,348000000
DATMODZ,2372,279.9,22824,664000,565,46000,363000,482000000
GAMESDONEQUICK,2885,207.9,247432,600000,566,-11000,194000000,380000000
AYEZEE,4472,90.7,12419,406000,567,23000,152000,420000000
THE_HAPPY_HOB,3278,168.2,24909,551000,568,22000,304000,211000000
KINGGOTHALION,3403,157.1,86264,534000,569,36000,964000,495000000
CAMELIAAA92,3846,124.8,11368,480000,570,174000,172000,--
BECCA_KILLS,6767,17.6,8367,119000,571,6,6,--
CHAOTICMUCH,2734,223.6,10820,611000,572,410000,130000,155000000
JRKZ,4638,81.6,19115,378000,573,63000,638000,320000000
SHIVFPS,3666,134.9,41373,495000,574,76000,144000000,506000000
XTH0REK,4096,107.6,13015,441000,575,20000,251000,157000000
MAZELLOVVV,5953,35.8,18458,213000,576,270000,454000,522000000
PIETSMIET,5081,62.4,125743,317000,577,17000,747000,593000000
NEVER_LOSES,3996,112.4,14244,449000,578,14000,258000,530000000
TENDERLYBAE,6907,13.5,72647,931000,579,179000,117000000,946000000
KING_S0YER,3482,146.7,12169,511000,580,217000,472000,--
피닉스박1,2667,228.3,18114,609000,581,97000,221000,224000000
REAL_BAZZI,3470,146.9,62206,510000,582,25000,288000,933000000
ゆきお2,3272,163.2,31289,534000,583,37000,134000,297000000
AXTLOL,2976,190.7,50764,567000,584,14000,877000,608000000
ESL_CSGOB,3859,118.7,198845,458000,585,97000,952000,670000000
ICEBERGDOTO,3866,118,29800,456000,586,87000,355000,262000000
VALORANT_LA,3765,124.4,50960,468000,587,143000,283000,680000000
GALAXYRACERSEA,5935,34.3,18265,203000,588,93000,95000,42
LITKILLAH,7070,9,103784,632000,589,179000,245000000,204000000
DUENDEPABLO,2662,225.9,31018,601000,590,18000,923000,394000000
SARUEI,2200,298.9,9357,657000,591,107000,351000,531000000
SKERMZ,3638,132.4,5059,482000,592,77000,981000,116000000
VINESAUCE,5173,55.8,19347,289000,593,20000,537000,410000000
LOSSIMPSON24HORAS2022,1984,341.5,4703,678000,594,218000,334000,1
NIGHTBLUE3,4575,78.1,90231,357000,595,34000,272000000,257000000
BYSTAXX,5217,53.4,269907,278000,596,245000,206000000,308000000
NADESHOT,5936,31.9,89778,189000,597,136000,191000000,624000000
XTHESOLUTIONTV,3269,157.3,32937,514000,598,86000,587000,124000000
ROGUE,3987,106.6,29984,425000,599,54000,771000,236000000
LOSPOLLOSTV,4061,102.5,57589,416000,600,29000,684000,231000000
MIGHTYTEAPOT,3175,164.2,23620,521000,601,140000,747000,557000000
KKATAMINA,3990,105.7,38758,422000,602,90000,534000,149000000
ZEVENTPLAYS,5095,55.6,8899,283000,603,285000,344000,--
BECCA_ZILLS,6093,26.2,7088,160000,604,19,17000,--
PESTILY,3373,145.1,244422,489000,605,17000,121000000,695000000
SYPHERPK,3785,115.9,148785,439000,606,156000,601000000,112000000
DKAYED,4771,66.3,21147,316000,607,17000,186000,347000000
BLACKUFA,3786,115.3,18921,437000,608,23000,331000,592000000
瑞斯帝亞,2717,208.2,20609,566000,609,70000,180000,134000000
TOMATO,4389,82.3,9319,361000,610,897,141000,804000000
RTGAME,4147,93.8,20579,389000,611,46000,111000000,183000000
죠니니,3204,157.3,13712,504000,612,37000,959000,559000000
LIMINHAG0D,1618,430.4,56534,696000,613,60000,559000,253000000
SHOTZ,2938,181,17120,532000,614,25000,328000,210000000
SOMMERSET,2051,311.5,26079,639000,615,298000,127000000,268000000
JARNOOPMEER,5083,52.7,18929,268000,616,101000,231000,214000000
LAZVELL,5627,35.5,22111,200000,617,90000,221000,515000000
ALBAARA,3073,166.1,16655,510000,618,254000,215000,213000
BRUCEGRANNEC,3765,112.5,43188,424000,619,56000,637000,350000000
TRUEGEORDIE,5868,28.3,47382,166000,620,36000,279000,188000000
DREADZTV,3100,162.3,51454,503000,621,17000,690000,199000000
POKERSTARS,3235,150.3,29491,486000,622,95000,306000,317000000
앰비션_,3420,135.6,64161,464000,623,29000,469000,549000000
BECCA_EILLS,6058,23.3,9254,141000,624,12,17000,--
옥냥이,3319,142.9,15436,474000,625,16000,308000,270000000
踢虧,3309,143.4,18587,475000,626,18000,114000,229000000
BIGFLOETOLILIVE,6533,12.2,15910,799000,627,354000,174000,111000000
BTSSMASH2,4352,79.1,30477,344000,628,102000,844000,144000000
VALORANTLEAGUE_TR,3557,124,163677,441000,629,84000,449000,273000000
RAY__C,2395,243.3,75789,583000,630,22000,517000,223000000
世誠,3842,105.7,19598,406000,631,26000,122000,161000000
AVOIDINGTHEPUDDLE,4326,79.9,20916,346000,632,14000,402000,286000000
PATHOFEXILEBOTA,2758,194.7,12611,537000,633,26000,625000,101000000
HUDSONAMORIM1,4024,94.6,12878,380000,634,221000,209000,4
ROFLGATOR,3396,134.6,22168,457000,635,80,295000,134000000
RELAXING234,4458,73.3,56011,327000,636,913,452000,553000000
CYDONIA_CHIARA,3295,142,19473,468000,637,45000,136000,600000000
JACKMANIFOLDTV,5853,26.5,175423,155000,638,126000,189000000,172000000
飴宮なずな,4887,55.8,53934,273000,639,189000,231000,--
BAOO,2593,213,22711,552000,640,269000,379000,218000000
TEAMFIGHTTACTICS,4864,56.3,15937,274000,641,65000,724000,813000
FARFA,2357,245.5,8683,579000,642,41000,964000,539000000
SONYELECTRONICS,6708,6.9,9657,460000,643,823,11000,10
KAYDOP,4106,88.3,50600,362000,644,41000,668000,180000000
FPSTHAILAND,2697,197.8,55381,533000,645,62000,535000,803000000
러너교,3266,141.9,20253,463000,646,937,251000,252000000
ZENTREYA,3616,116,25817,419000,647,79000,357000,716000000
ELWYCCO,4718,59.7,12032,282000,648,31000,212000,120000000
嵐提,6549,8.8,9812,575000,649,40000,467000,321000
R6ESPORTSBR,4541,66.6,87521,303000,650,26000,552000,484000000
SARDOCHE,3093,153.9,146958,476000,651,18000,131000000,120000000
TITANLOL1,4020,89.9,13209,361000,652,134000,268000,415000000
이춘향,2092,284.6,12515,595000,653,32000,242000,226000000
TWITCHGAMING,6226,14.4,123325,897000,654,-370,607000,101000000
WUDIJO,2102,281.9,9720,593000,655,59000,938000,113000000
MOTHER3RD,2700,192.4,37974,519000,656,138000,150000,328000000
AC7IONMAN,1866,332.9,22397,621000,657,120000,650000,556000000
LCKCL,5263,39.2,18415,206000,658,21000,630000,517000000
貝克,1022,707.5,14749,723000,659,132,109000,304000000
SAMUELETIENNE,4725,57.2,84968,270000,660,87000,542000,995000000
CAPTAINPUFFY,4799,54.3,128700,261000,661,21000,156000000,143000000
REALZBLUEWATER,2156,270.4,43644,583000,662,-6,110000,375000
ATK,1747,362,7796,632000,663,43000,998000,748000000
BERLEEZY,6166,14.9,19361,920000,664,74000,567000,343000000
KAMITO_JP,4062,85.8,7741,349000,665,277000,796000,200000
BOBROSS,1841,336.5,16643,620000,666,37000,204000000,475000000
ITSHAFU,2617,200.4,67682,524000,667,37000,128000000,125000000
BY_OWL,4948,48.1,27558,238000,668,84000,435000,201000000
RAXXANTERAX,2274,247.5,8298,563000,669,60000,804000,903000000
EURIECE,3828,97.3,54541,372000,670,73000,311000,130000000
ILAME,2164,265.8,10780,575000,671,23000,349000,538000000
KHAOSADAM,2549,206.8,11294,527000,672,28000,892000,271000000
KYO1984123,2101,276.7,12609,581000,673,15000,171000,835000000
PUBG_BATTLEGROUNDS,4346,70,184404,304000,674,40000,103000000,103000000
JUJALAG,2859,169.7,8442,485000,675,88000,370000,667000000
GOODTIMESWITHSCAR,6047,15.2,18303,920000,676,92000,408000,164000000
さくらみこ,6130,13.3,17284,817000,677,29000,264000,211000000
TARZANED,3479,116.4,14598,405000,678,185000,516000,244000000
DANSGAMING,2602,196.2,58718,510000,679,260,833000,149000000
CR1TDOTA,3080,146.6,11484,452000,680,66000,225000,104000000
TERRACID,4368,67.3,18290,294000,681,120000,805000,126000000
KROOZZNS,2392,223.6,24255,535000,682,282000,330000,579000
POW3RTV,1915,309.6,69396,593000,683,101000,189000000,762000000
JOSEDEODO,6079,13.9,13583,843000,684,62000,324000,306000000
TFBLADE,2909,161.3,53026,469000,685,-300,122000000,980000000
ARROZYDESGRACIAS,3005,152.1,10037,457000,686,423000,857000,419000
GRPZDC,3452,116.6,12940,402000,687,445,742000,499000000
KARCHEZ,3950,86.5,57020,341000,688,420000,133000000,184000000
PURPLEBIXI,4612,56.5,33005,260000,689,123000,267000,153000000
LEBOUSEUH,4018,82.7,315018,332000,690,324000,180000000,297000000
COCONUTB,3368,122.1,45858,411000,691,31000,400000,156000000
ALEXCLICK,3750,97.2,30119,364000,692,31000,178000,159000000
똘똘똘이_,1963,295.7,19685,581000,693,441,145000,420000000
SHEEPFARMER,4061,79,12778,321000,694,73000,467000,230000
GAFALLEN,5622,22.7,112238,128000,695,31000,143000000,431000000
LUZU,5280,32.1,297138,169000,696,356000,257000000,160000000
포셔,2218,244.5,9422,542000,697,57000,102000,123000000
LILSIMSIE,3868,87.6,23436,339000,698,94000,675000,117000000
APASNAYARYKA,4230,69.5,8878,294000,699,63000,202000,265000000
SCARRA,2538,197,42650,500000,700,-135,160000000,113000000
EL_YUSTE,3719,95.6,19125,355000,701,37000,132000,293000000
SLAKUN10,5439,26.6,86090,144000,702,283000,407000000,175000000
ANNOYING,3964,81.2,20885,322000,703,86000,671000,104000000
濃いめのあかりん,2868,158.8,8490,455000,704,182000,194000,311000000
NMPLOL2,5316,29.3,7973,156000,705,206000,105000,456000
SOLARYFORTNITE,954,720,175009,687000,706,108000,207000000,145000000
KATIE_BALLS,5520,23.4,8825,129000,707,10,26000,--
HAFTHORJULIUS,3758,91.5,94118,344000,708,478000,251000,167000000
김뚜띠_,3304,119.9,8606,396000,709,36000,193000,136000000
ぐちつぼ,3910,82.4,9343,322000,710,39000,133000,424000000
THEDANDANGLER,3853,84.9,19282,327000,711,323000,406000,759000000
BLAUSTOISE,3018,142.2,36147,429000,712,66000,388000,146000000
SILENT,2952,147.6,20171,436000,713,13000,229000,121000000
FIFAKILLVIZUALZ,2606,182.7,26510,476000,714,122000,367000,539000000
삼식,2589,184.1,29855,477000,715,46000,201000,763000000
TRITONPOKER,3731,90.3,17061,337000,716,87000,688000,939000000
TEKKEN,5567,20.2,52686,113000,717,29000,206000,289000000
RUWARFACE,4485,54.5,13267,244000,718,66000,165000,101000000
룩삼,2918,149,32932,435000,719,12000,299000,467000000
RAKIN,2419,204.2,52992,494000,720,108000,158000000,985000000
AIMSEY,4289,61.7,30874,265000,721,233000,868000,271000000
わいわいの部屋,4376,58,8347,254000,722,61000,754000,478000
TFTODDY,2223,232,6651,516000,723,61000,492000,708000
METASHI12,3160,126.9,38267,401000,724,35000,153000,120000000
ATRIOC,4067,71.2,15559,290000,725,60000,284000,470000000
CLOAKZY,4304,60.6,67285,261000,726,15000,281000000,615000000
SMALLANT,3775,86,22707,325000,727,124000,118000000,167000000
CHOCOTACO,2391,206.3,105530,493000,728,62000,129000000,706000000
NICEWIGG,3093,131.4,71033,406000,729,52000,621000,163000000
依渟,2767,161,15511,445000,730,74000,327000,266000000
BECCA_UILLS,5325,24.7,6612,132000,731,6,17000,--
HALO,4926,36.5,96627,180000,732,17000,675000,271000000
IZAKOOO,3377,109,105566,368000,733,49000,173000000,190000000
FOXENKIN,928,718.7,4762,667000,734,67000,327000,114000000
HAYASHII,3036,134.8,67651,409000,735,14000,368000,128000000
FANTABOBSHOW,2936,143.4,47353,421000,736,155000,503000,237000000
TRU3TA1ENT,2707,165.7,13388,449000,737,674,679000,400000000
DESST3,2455,195.1,18709,479000,738,157000,350000,128000000
CDNTHE3RD,2648,171.2,159771,453000,739,780,203000000,695000000
THERUNNINGMANZ,3356,109,5869,366000,740,35000,263000,108000000
MASONDOTA2,4139,65.3,11948,270000,741,16000,226000,189000000
DES0UT,4941,34.8,22215,172000,742,33000,366000,184000000
IDREAU_,3453,102.2,10820,353000,743,76000,130000,225000000
BTSBRASILTV,919,719.8,51834,661000,744,17000,229000,693000000
LORDAETHELSTAN,3164,122.1,13707,386000,745,125000,109000,654000
龜狗,2425,195.9,10207,475000,746,38000,276000,375000000
XFIBII,3526,96,20548,339000,747,520000,342000,346000000
SUPERTF,2439,193.1,19822,471000,748,16000,472000,155000000
LINOBRATZ,5965,6.8,12694,405000,749,49000,51000,--
SKILLZ0R1337,5057,29.5,30904,149000,750,66000,219000,477000000
REVENANT,2004,258.3,18544,518000,751,124,423000,347000000
SOLOGESANG,2215,222.1,10928,492000,752,21000,134000,158000000
UNSYMPATHISCH_TV,3822,77.1,37982,294000,753,88000,109000000,164000000
STARYUUKI,3977,69.3,33699,275000,754,261000,269000000,423000000
ありさか,4919,32,13171,157000,755,82000,174000,199000
TVANDER,3962,69,34659,273000,756,23000,532000,186000000
AROYITT,3441,97.7,53604,336000,757,815000,186000000,253000000
RUNTHEFUTMARKET,3078,123.2,36826,379000,758,60000,659000,191000000
XENOSYSVEX,2333,201.4,15661,470000,759,36000,119000,761000000
LIGAW1N,5184,23.5,16152,122000,760,118000,341000,--
PARISPLATYNOV,2671,159.7,17497,427000,761,173000,342000,404000000
ZAKVIELCHANNEL,4597,41.2,31556,190000,762,69000,354000,107000000
PIJACK11,2530,174.5,15911,441000,763,52000,544000,294000000
FILIAN,3842,73.2,7574,281000,764,351000,413000,547000
BECCA_MILLS,5267,20.3,3107,107000,765,269,901,--
RUBENMARTINWEB,3710,80,18376,297000,766,49000,147000,609000000
KYR_SP33DY,2652,159.5,11762,423000,767,28000,806000,134000000
POHX,2219,214.1,19967,475000,768,139000,118000,975000000
VONDICE,3730,77.9,21903,291000,769,629,211000,911000000
KUERTOV,5479,14.1,17110,770000,770,227000,207000,828000
EBONIVON,4199,55.5,13613,233000,771,349000,247000,273000000
PAPAPLATTE,5191,21.4,66453,111000,772,387,156000000,928000000
BIGBOSSBOZE,5612,10.5,12030,590000,773,43000,260000,153000000
GERNADERJAKE,2710,152.1,28980,412000,774,29000,450000,330000000
MOGTALK,4901,29.4,16388,144000,775,23000,294000,972000
TIOOROCHITWITCH,4472,43.7,32599,196000,776,439000,115000000,471000000
해기님,1215,487.8,5495,593000,777,20000,800000,860000000
SLIMECICLE,5502,12.6,58382,691000,778,149000,100000000,244000000
BLITZSTREAM,2876,134.6,17792,387000,779,57000,159000,277000000
ITS_IRON,3945,64.8,19302,256000,780,20000,528000,152000000
WOLFABELLE,1961,252.1,8851,494000,781,39000,286000,307000000
LUQUITARODRIGUEZ,3881,66.4,29880,258000,782,64000,344000,401000000
CRITICAS_QLS,5003,24.1,30790,120000,783,45000,248000,331000000
FAIAR,4537,39.1,9739,177000,784,44000,943000,201000000
SUPERJJ102,2433,177,10973,430000,785,428,151000,135000000
冠緯,3131,110.2,34791,345000,786,18000,115000,133000000
TAXI2G,1970,247,19457,487000,787,166000,331000,631000000
QUAKE,4654,34.1,25359,159000,788,23000,745000,909000000
BOXYFRESH,3261,100.4,9361,327000,789,28000,124000,428000000
METHOD,5332,13.7,154761,732000,790,-375,374000,782000000
THEJRM_,3371,92.4,6753,312000,791,93000,294000,345000000
DANILA_GORILLA,5006,22.1,24954,111000,792,297000,713000,287
ZOIL,3334,94.1,17988,314000,793,102000,155000,279000000
OMIE,3163,105.2,22877,333000,794,16000,215000,562000000
ESAMARATHON,900,675.4,35096,608000,795,153,282000,111000000
SCRAPIE,3047,113.3,7308,345000,796,35000,693000,297000000
ZY0XXX,3978,57.9,9703,230000,797,122000,178000,161000000
A_SEAGULL,2778,135.3,102132,376000,798,-12000,102000000,456000000
KEZNIT1,5096,18.2,21086,929000,799,49000,289000,619000000
IMAQTPIE,1993,236.2,77541,471000,800,-18000,261000000,348000000
WEPLAYCSGO_EEU,3641,74,550725,269000,801,-58000,524000,404000000
DOKTORFROID,3744,67.6,31842,253000,802,16000,224000,146000000
恭一郎,1760,281.2,17821,495000,803,33000,206000,231000000
DEADLYSLOB,2521,159.1,104568,401000,804,520,392000,227000000
NTK_TV,2776,133.1,24475,370000,805,112000,445000,112000000
ELISAESPORTS,3021,112.4,18946,340000,806,69000,946000,793000000
PRIMEGAMING,4799,25.4,156578,122000,807,14000,864000,402000000
인간젤리,2179,202.4,21363,441000,808,9,173000,313000000
CRAZYFACETW,2573,152.7,9276,393000,809,55000,111000,956000000
SMII7Y,5048,17.9,22668,902000,810,204000,924000,302000000
HANDIOFIBLOOD,5251,12.1,65007,636000,811,25000,816000,225000000
KYOOTBOT,3551,76,11510,270000,812,109000,395000,806000000
AGURIN,2381,172.9,28222,412000,813,62000,210000,172000000
LOEYA,2320,180.3,19662,418000,814,75000,155000000,690000000
SMURF_TV,2154,203.5,7863,438000,815,19000,592000,630000000
DILBLIN,4137,47.4,28783,196000,816,204000,445000,169000000
AURATEUR,2083,214.2,15899,446000,817,675,162000,148000000
RIVENZI,2772,130.4,93334,361000,818,223000,229000,138000000
SUPERSPEEDRUNKR,3482,78.7,7474,274000,819,38000,100000,235000000
KXPTURE,2177,198.9,3492,433000,820,146000,201000,104000000
BEN_,2892,119.3,15302,345000,821,25000,896000,477000000
MYSTARIAS,5026,16.7,9902,841000,822,240000,231000,143000
NIKOLARN,2770,129,30044,357000,823,-66,631000,388000000
GOTHAMCHESS,4728,25,29766,118000,824,66000,608000,441000000
8CHO,2872,119.9,59134,344000,825,447000,129000000,117000000
JAYSTREAZY,2258,185.6,7777,419000,826,88000,874000,267000000
POKEMONUNITE,4798,22,20574,106000,827,78000,194000,115000
CASINODADDY,1374,379.3,17811,521000,828,765,171000,283000000
SIPS_,3041,104.2,12035,317000,829,29000,532000,218000000
JAMESMARRIOTT,5188,10.5,30746,545000,830,213000,268000,605000
ROCKETBEANSTV,3733,62,11237,231000,831,18000,473000,919000000
DOIGBY,3588,69.3,297748,249000,832,257000,163000000,317000000
우정잉,3173,94.3,12030,299000,833,65000,327000,290000000
FAIRLIGHT_EXCALIBUR,1762,267.4,17441,471000,834,10000,401000,251000000
LEEKBEATS,1232,434.5,61073,536000,835,28000,540000,309000000
FRANIO,4008,49,33621,196000,836,64000,237000,273000000
SACY,5014,14.6,23481,730000,837,18000,490000,173000000
XQN_THESAD,2364,167.4,5542,396000,838,25000,439000,135000000
大丸,2519,149.4,14171,376000,839,11000,312000,599000000
RYBSONLOL_,1872,243.2,14177,455000,840,54000,241000,142000000
NZAOTV,3250,88.2,35431,287000,841,560000,244000,425000
BAWKBASOUP,2271,178.8,23018,406000,842,20000,147000,110000000
NISQYY,3291,85.2,20429,280000,843,59000,266000,666000000
KAYAYANAR,4419,32.1,15273,142000,844,65000,397000,845000000
KSONSOUCHOU,4104,43.8,33540,180000,845,226000,240000,209000
MUNDODEPORTIVO1906,5210,8.6,8694,447000,846,216,746,892
ROLLINGSTONE,4403,32.5,27315,143000,847,13000,449000,361000000
1PVCS,2882,113.8,23081,328000,848,20000,125000,273000000
WHIPPY,2544,145,34930,369000,849,287,489000,198000000
SILVERVALE,3794,56.9,19895,216000,850,117000,367000,455000000
AREX,2396,161.1,20866,386000,851,824,156000,220000000
LIGHTFURYLF,2788,121,26832,337000,852,903,978000,165000000
KSPKSP,2484,150.7,7112,374000,853,36000,951000,716000000
ZILVERK,2803,118,40010,331000,854,393000,167000000,965000000
DEKARLDENT,2872,110.9,13422,318000,855,10000,729000,812000000
LAMEDIAINGLESA,4059,42.6,9030,173000,856,106000,456000,849
FOLLENTASS,2418,154.2,27209,373000,857,27000,311000,229000000
MORTDOG,3483,69.6,15598,242000,858,57000,177000,272000000
VALORANT_TW,3175,88.1,6826,280000,859,70000,284000,955000
ADOLFZ,3758,55.4,22020,208000,860,44000,581000,122000000
KONVY,3268,81.9,6344,268000,861,57000,148000,207000000
MUKLUK,1914,225.7,33087,432000,862,149000,628000,179000000
플러리,2242,174.6,12495,391000,863,186,207000,377000000
SHANKS_TTV,2607,132.8,10221,346000,864,95000,370000,711000000
ADE3_3,2837,112.1,18295,318000,865,30000,481000,700000
POLSATGAMES,2476,145.5,66594,360000,866,20000,258000,599000000
MONSTERSANDEXPLOSIONS,3435,70.6,13744,242000,867,11000,749000,342000000
UTAGE_VALORANT,4516,24.4,12923,110000,868,40000,191000,194000000
YUUECHKA,4641,20.4,33124,944000,869,67000,428000,111000000
M4FGAMING,2669,125.4,10449,335000,870,25000,534000,418000000
NORTHERNARENA,5010,9.7,24404,483000,871,546,683000,522000000
THEDAARICK28,3946,45,7227,178000,872,68000,212000,288000000
ALOHADANCETV,2483,143.2,34867,356000,873,102000,783000,969000000
JOE_BARTOLOZZI,3161,86.3,7195,273000,874,316000,101000000,328000000
DANNYAARONS,3429,69.9,17975,240000,875,206000,393000,170000000
CUTEDOG_,1860,231,7361,430000,876,32000,143000,170000000
GETFLAKKED,4834,13.8,11448,665000,877,47000,171000,551000000
ELOSANTA,2111,189,9790,399000,878,367000,221000,244000000
TISISCHUBECH,3770,51.8,31228,195000,879,55000,230000,902000
ROSTISLAV_999,3412,70,19606,239000,880,284000,323000,547000000
STANISLAW89,3449,67.9,11092,234000,881,77000,854000,128000000
GUDDUMMIT,2616,127.5,5892,334000,882,14000,490000,298000000
JOJOHF,4844,12.7,131097,614000,883,21000,111000000,117000000
SHOTZZY,2547,134,19585,341000,884,110000,207000,276000000
PREACHLFW,2541,134.5,32710,342000,885,691,286000,163000000
BECCA_VILLS,4918,10.5,18149,516000,886,4,17000,--
XBOCT,3711,53.3,59986,198000,887,37000,375000,214000000
IMANTADO,1777,244,12865,434000,888,903000,424000,422000000
RTP ARENA CS:GO,2459,141.8,56288,349000,889,27000,201000,340000000
MITHRAIN,2855,104.3,42563,298000,890,36000,164000000,990000000
MINERVA,2311,157.5,10096,364000,891,115000,155000,257000000
SPOONKID,3592,57.4,40974,206000,892,126000,457000,407000000
NIHMUNE,3825,46.2,7991,177000,893,139000,177000,441000
WEPLAYCSGO,4967,7.2,12149,360000,894,549,851000,491000000
IBABYRAINBOW,1973,203.4,7413,401000,895,47000,637000,146000000
UHSNOW,2664,118.8,36954,316000,896,15000,236000,196000000
LYSIUM,2175,172.8,24124,376000,897,16000,248000,118000000
JUKES,3023,90,34974,272000,898,48000,176000000,107000000
강지,2102,182.9,29993,385000,899,142000,640000,344000000
懶貓,1825,228.8,24430,417000,900,38000,246000,573000000
SKYWHYWALKER,3428,64.6,6592,222000,901,448000,167000,484000
球球,2577,126,12240,325000,902,774,134000,171000000
KUBAFPS,2092,183.3,7694,383000,903,107000,115000,115000000
DUNKSTREAM,4815,10.6,27467,509000,904,22000,952000,784000000
EVAANNA,4929,7.5,39110,369000,905,749,641000,198000000
MOONRYDE,2330,151,77473,352000,906,33000,593000,230000000
WELOVEGAMES,1729,245.6,28413,425000,907,11000,449000,122000000
BBREADMAN,2186,167.8,5686,367000,908,70000,106000,214000000
COOKSUX,2327,150.3,13724,350000,909,28000,680000,158000000
ADM1TR1POW,4036,34.8,7034,140000,910,90000,179000,198000000
TWITCHRIVALS_FR,4453,20.1,15362,895000,911,24000,210000,229000000
STRIPPIN,2270,156,17818,354000,912,269,315000,268000000
BENJYFISHY,4003,35.6,117740,142000,913,48000,390000000,825000000
DUBDOT,1929,204.9,6043,395000,914,62000,932000,350000000
RU_VALORANT,2883,96.8,11486,279000,915,88000,733000,326000000
DAMDAMLIVE,3267,70.8,22769,231000,916,156000,164000,988000000
BAGHERAJONES,2827,100.1,30739,283000,917,362000,257000,672000000
DIEHAHN,1895,209.3,13607,397000,918,12000,220000,176000000
OWOWOWOWOWOOW0,2405,139,11821,334000,919,42000,901000,375000000
WERLYB,3225,71.5,76653,231000,920,27000,718000,334000000
FRENEH,2932,90.8,27339,266000,921,37000,445000,766000000
AVAMIND,2537,123.6,16967,313000,922,336000,160000,722000000
홍방장,4186,26.6,12122,111000,923,800,186000,243000000
명훈,1910,203.7,12731,389000,924,86000,158000,112000000
ALE_APOKA,800,655.3,25412,524000,925,46000,257000,632000000
LIMMY,2873,94.2,6696,271000,926,26000,432000,102000000
CHAP,2304,147.4,76082,340000,927,-11000,135000000,446000000
YUMYTV,1649,254.1,4783,419000,928,39000,913000,486000000
MASAYOSHI,3159,74.3,39757,235000,929,36000,550000,145000000
NILOJEDA,3829,39.7,21505,152000,930,142000,719000,606000000
LAUREBV,4743,8.3,17406,392000,931,26000,749000,162000000
RESTTPOWERED,1954,194.3,14112,380000,932,16000,348000,645000000
CRYSTAL_LOL,2122,168.6,10528,358000,933,28000,308000,184000000
LOLITOFDEZ,4522,14.3,418204,647000,934,169000,286000000,446000000
STARSMITTEN,2103,170,32257,358000,935,44000,304000,105000000
AMIRAN696,3683,44.5,8151,164000,936,208000,497000,--
AKYULIYCH,3939,33.6,20979,133000,937,248000,609000,522000000
PISICELA,1698,238.7,11350,405000,938,18000,168000,115000000
ZEITNOTLOL,4180,24.3,12942,102000,939,81000,132000,222000000
강소연,2215,153.5,13973,340000,940,16000,125000,164000000
らいじん,2523,119.8,14695,302000,941,33000,692000,134000000
WEARETHEVR,2548,117.4,20414,299000,942,45000,544000,483000000
POKEMONTCG,3926,33.3,10022,131000,943,79000,716000,488000000
MENOSTRECE,2633,109.2,47821,287000,944,72000,107000000,332000000
UTHENERA,2858,90.8,26312,259000,945,26000,492000,203000000
UNICORNIO,3306,61.7,18760,204000,946,115000,823000,145000000
철면수심,1756,223.4,14470,392000,947,370,204000,367000000
MRSTIVENTC,4696,7,80088,330000,948,50000,118000000,530000000
ABIZAKA,2878,88.4,5523,254000,949,361000,140000,499000000
EPICSEVEN,4155,23.6,11908,979000,950,65000,757000,995000
BIROPJL,2842,90.8,24086,258000,951,162000,337000,277000000
BREITENVONBERG,1720,229.5,15362,395000,952,38000,148000,717000000
LEYNAINU,2129,161.8,7919,344000,953,32000,902000,445000000
DRACON,2142,160.1,8762,343000,954,12000,517000,112000000
ISVOLCANO,2122,162.5,26980,345000,955,20000,134000,540000000
MAILAND,2473,121.5,13652,300000,956,19000,145000,129000000
SIXENTV,2479,120.9,17237,300000,957,74000,164000,530000000
KLO25,4457,13,42463,579000,958,98000,504000,230000000
BANDURACARTEL,3325,58.5,10497,195000,959,133000,162000,139000000
MAGHLA,3307,59.3,36496,196000,960,85000,688000,258000000
CRYSTALMOLLY,2471,120.4,10869,297000,961,47000,115000,190000000
MARINEMAMMALRESCUE,712,719.3,22536,512000,962,42000,247000,590000000
SIZOPHREN,3291,59.9,56482,197000,963,99000,304000,954000000
MANYRIN,2953,80.7,29524,238000,964,14000,527000,485000000
4HEAD,1572,257.1,7208,404000,965,65000,314000,159000
NATSUMIII,2391,127.2,39004,304000,966,22000,514000,228000000
JEELTV,2858,86.4,59886,247000,967,117000,672000,301000000
5OPKA,2536,112.7,10069,286000,968,190000,333000,174000000
TAKUU_,1053,443,3909,467000,969,83000,571000,191000
MRDZINOLD,2812,89.5,8013,252000,970,139000,193000,271000000
KEVINMARTIN,2270,140,9937,318000,971,39000,125000,751000000
BRKK,2055,167.3,28536,344000,972,263000,353000,534000000
DKINCC,4059,24.4,11188,989000,973,90000,142000,368000
NYMN,2034,170.1,37341,346000,974,112,306000,154000000
SINTICA,2476,117.7,16364,291000,975,31000,292000,235000000
BECCA_HILLS,4067,23.8,7198,969000,976,11,13000,--
7CKNGMAD,3711,37.6,10076,140000,977,136000,160000,220000000
FELPS,2520,112.9,20031,284000,978,53000,122000000,256000000
LILY_OFF_VALLEY,4109,21.7,17893,892000,979,88000,325000,125000000
ELYAPLUGG,2957,77.6,16003,230000,980,281000,839000,20
SMOOYACS,2210,144.2,16943,319000,981,168000,175000,354000000
ゆゆうた押忍,3973,25.9,20120,103000,982,36000,131000,210000000
RICOY23,3998,25,57407,998000,983,11000,317000,184000000
SOVIETWOMBLE,2530,110.1,11591,279000,984,47000,157000000,373000000
MASTERTAY,1754,212.6,11048,373000,985,367,132000,201000000
나나양,1987,172.7,17294,343000,986,11000,216000,188000000
蛇足,1832,197.5,29690,362000,987,49000,167000,144000000
HORTYUNDERSCORE,2883,80.7,16156,233000,988,265000,161000,301000000
DEFANTEDIOGO,4088,20.8,19412,852000,989,65000,385000,245000000
STAYSAFETV,1948,177.4,25624,346000,990,53000,215000,221000000
LESTREAM,1059,428.9,145205,454000,991,-791,100000000,144000000
HARMII,1618,237.7,15809,385000,992,79000,583000,169000000
HEXY,2502,110.6,25585,277000,993,328,393000,208000000
VERHULST,2026,164.5,12924,333000,994,176000,216000,172000000
SHARONQUEEN,694,711.5,2081,494000,995,103000,416000,915000000
CCT_EN,1363,302.2,47042,412000,996,92000,266000,407000000
BRATIKI94,1834,193.1,15585,354000,997,13000,211000,177000000
THECHIEF1114,2121,149.8,13016,318000,998,23000,227000,590000000
SPKCLB,2403,117.8,29427,283000,999,144000,233000,881000
FCSM_KEFIR,3135,61.8,22578,194000,1000,42000,325000,131000000
