Nombres Streamers,Current Active Subs,Subs Type Paid,Subs Type Prime,Subs Type Gifted,Subs Type Tier 1($4.99),Subs Type Tier 2($9.99),Subs Type Tier 3($24.99)
XQC,76821,20464,31597,2867,20208,87,169
KAICENAT,69028,47391,11653,25634,47360,27,4
CASIMITO,66914,15872,40483,1064,15855,8,9
HASANABI,54913,14110,13604,5080,13994,68,48
NICKMERCS,46609,20613,11312,5203,20150,309,154
AURONPLAY,46227,20044,19389,4016,19970,54,20
GAULES,45343,21716,22724,1954,21681,21,14
ELRAENN,41276,11370,23599,2649,11260,46,64
ELIASN97,39535,12990,20857,4706,12942,29,19
ADINROSS,35795,5982,17450,2094,5968,10,4
IBAI,35560,8219,14831,2136,8200,11,8
BRUCEDROPEMOFF,31529,19620,7934,6715,19589,22,9
ILLOJUAN,31077,12121,18956,794,12081,13,27
TRAINWRECKSTV,28703,16069,7905,5516,15668,41,360
SHIFT,27717,?,?,26092,?,53,312
RANBOOLIVE,26231,10817,6289,3008,10708,77,32
CELLBIT,25688,6513,15119,619,6492,17,4
ZERATOR,24317,11435,9531,3981,11284,68,83
SUMMIT1G,23789,8312,7030,2521,8050,168,94
YOURRAGEGAMING,23703,20260,3346,6621,20243,12,5
ELSPREEN,23213,10798,9165,3038,10665,79,54
TUMBLURR,22437,6425,12958,3951,6380,28,17
PAYMONEYWUBBY,21005,13689,5247,7884,13425,91,173
MIZKIF,20992,7645,7344,2895,7609,16,20
RUBIUS,20991,6808,10875,1703,6767,13,28
ALANZOKA,20725,4008,13404,1038,3957,24,27
CHOWH1,20492,13551,4943,8427,13410,71,70
NOWAY4U_SIR,18961,5010,11249,2302,4911,59,40
MOISTCR1TIKAL,18488,9756,6464,4618,9589,94,73
MOONMOON,18345,7286,8105,788,7039,86,161
CRITICALROLE,18304,7655,7814,476,7588,49,18
KAMET0,18187,6563,8677,616,6536,21,6
LOUD_CORINGA,18102,8715,6651,954,8708,4,3
TARIK,18086,6046,9416,2149,5994,21,31
AMINEMATUE,18018,8593,6850,1999,8584,6,3
ELMARIANA,17444,7720,7142,1294,7702,8,10
PHILZA,15958,13172,2779,2792,12978,143,51
FARFA,15948,?,?,12628,?,20,15
LIRIK,15371,5085,7968,1160,5042,25,18
LVNDMARK,14784,6079,6558,1660,5844,125,110
JLTOMY,14765,7169,5432,1236,7128,19,22
MONTANABLACK88,14736,5376,7118,1594,5344,21,11
ELXOKAS,14337,7279,6941,2310,7226,16,37
AMOURANTH,14113,9857,3315,8408,9800,18,39
JUANSGUARNIZO,14035,7223,4768,1187,7199,18,6
JBZZED,13300,6475,5265,4380,6422,25,28
DARIOMOCCIATWITCH,13256,2495,8740,845,2477,12,6
CAMY,13015,?,?,11671,?,11,10
ODABLOCK,12908,10996,1432,9840,10957,14,25
HYPE,12773,5951,5323,3278,5847,38,66
SINTICA,12730,12151,582,9803,11825,186,140
ABUGOKU9999,12707,9964,2037,8362,9941,13,10
ELOTRIX,12483,7669,3687,5387,7556,54,59
SARUEI,12483,11638,568,10710,11534,48,56
WTCN,12258,3589,6792,1026,3554,12,23
SHLOROX,12254,9286,2159,7444,9186,59,41
SAVYULTRAS90,12247,10090,1718,9469,10079,3,8
ZERKAA,12139,9427,2643,1258,9359,42,26
BOBBYPOFFGAMING,12117,?,?,9141,?,30,34
ANASTASIA_ROSE_OFFICIAL,12067,?,?,10059,?,48,62
GRONKH,11803,6399,4037,2932,6331,55,13
REPULLZE,11670,10802,402,8912,10711,48,43
FPS_SHAKA,11624,1948,5083,448,1932,6,10
GABEPEIXE,11604,6791,3184,1994,6784,4,3
JAHREIN,11143,4653,5055,2504,4591,14,48
BARBAROUSKING,11137,7525,2525,4636,7322,97,106
JCCAYLEN,11072,?,?,6182,?,11,8
KENDINEMUZISYEN,11051,3727,5796,1349,3695,15,17
ZOOMAA,10914,9058,1761,4176,9023,22,13
MYUN,10801,?,?,10439,?,52,274
CASTRO_1021,10796,4582,4676,1473,4545,19,18
TSM_IMPERIALHAL,10786,5333,3872,1211,5279,30,24
ALEXELCAPO,10775,1700,7230,213,1692,4,4
AVERAGEJONAS,10759,9437,1022,8825,9387,34,16
PENTA,10755,8182,1807,5989,8141,21,20
COHHCARNAGE,10702,6210,3275,3068,5761,405,44
LOLTYLER1,10639,2983,5984,563,2941,19,23
ADMIRALBAHROO,10607,5138,2793,1817,5062,36,40
PASCHY90,10594,?,?,10338,?,4,25
WIRTUAL,10556,6458,4099,3617,6398,29,31
BAOO,10337,?,?,7954,?,89,51
SHYLILY,10305,7295,1936,3893,6909,70,316
TEEPEE,10193,5791,3282,3358,5712,30,49
QUACKITY,10102,5785,2869,1124,5782,2,1
RATIRL,10079,5194,3716,2440,5038,64,92
IRONMOUSE,10015,6987,1909,3152,6856,65,66
PESTILY,9986,8392,1579,375,8202,97,93
FOLAGORLIVES,9828,4246,4357,2733,4239,4,3
VANESSA_LOPEZ_OFFICIAL,9480,?,?,8597,?,20,30
JAY3,9303,?,?,7206,?,34,187
PONCE,9259,4584,3257,631,4496,50,38
DOMINGO,9212,4042,3697,260,4024,15,3
KEEOH,9171,?,?,5720,?,19,17
ERAY,9126,2770,5075,1068,2758,6,6
RDCGAMING,9086,8337,522,7640,8337,0,0
BIGPUFFER,9045,?,?,4459,?,86,73
LOCKLEAR,8970,4443,3379,2169,4298,80,65
SODAPOPPIN,8933,3337,4235,644,3202,106,29
METASHI12,8857,6653,1647,5569,6565,48,40
MASTERTAY,8751,7616,818,6744,7545,21,50
KYR_SP33DY,8639,4529,2956,1783,4439,53,37
GERNADERJAKE,8555,6689,1341,5344,6450,91,148
YOCLESH,8525,?,?,7234,?,37,47
ALTAIR,8512,5782,2014,4145,5370,193,219
INSYM,8487,5661,2013,3558,5518,78,65
BRUCEGREENE,8455,7837,424,7072,7743,48,46
GLORIOUS_E,8451,?,?,3685,?,74,75
FORSEN,8438,3107,4013,423,3018,41,48
JASPER7SE,8409,2786,4362,717,2772,4,10
SHOTZ,8370,7062,905,5819,6990,22,50
COREANO,8312,2074,5006,766,2048,13,13
FANUM,8296,6700,840,3698,6691,5,4
BUDDHA,8236,4612,2512,1630,4553,36,23
MIXWELL,8224,2993,3959,536,2991,1,1
STYLISHNOOB4,8194,2503,4494,1061,2496,4,3
YODA,8193,1375,5490,315,1368,3,4
EWROON,8158,3707,3469,2334,3686,7,14
DOKTORFROID,8154,6370,1242,4692,6299,52,19
ANTOINEDANIEL,8115,3670,3287,801,3595,51,24
MOONRYDE,8091,?,?,1255,?,27,23
JERMA985,8046,3123,3793,700,3100,13,10
AUSSIEANTICS,8024,5024,2184,3070,4993,17,14
MANG0,8011,5209,1972,2845,5151,30,28
依渟,7997,7876,7,7142,7786,4,86
FL0M,7992,6035,1438,4767,5996,19,20
B0ATY,7906,2254,4441,499,2219,20,15
IWDOMINATE,7883,?,?,1534,?,17,6
CDAWGVA,7821,4088,2812,2433,4048,31,9
ANTHONYZ,7805,7140,663,3305,7077,37,26
FRTTT,7759,2332,4321,1048,2315,14,3
TECTONE,7749,6588,1060,2835,6468,45,75
CHILLEDCHAOS,7681,4818,1945,2286,4743,46,29
加藤純一です,7648,1705,4776,415,1701,2,2
MCH_AGG,7614,2704,3869,990,2700,3,1
ENVIOSITY,7605,5531,1612,4650,5499,19,13
BADDIE,7551,?,?,5164,?,98,69
TANZVERBOT,7512,4700,2203,3827,4685,6,9
MAXIMILIAN_DOOD,7493,4109,2345,1472,4035,53,21
AGRAELUS,7441,5624,860,1705,5568,34,22
FROSTPRIME_,7400,?,?,4556,?,47,42
JUJALAG,7337,2410,3925,1243,2400,7,3
DIRKNEUENFELS,7331,?,?,5924,?,55,47
OTZDARVA,7317,3097,3198,1055,3051,29,17
美心唷,7300,?,?,6938,?,39,36
SWEETDREAMS,7299,4783,1756,2664,4683,50,50
SIRGIME,7274,?,?,6911,?,1,1
우왁굳,7254,5882,162,166,5827,23,32
MITCHFLOWERPOWER,7242,?,?,5993,?,19,26
CLIX,7233,4497,2036,2885,4359,80,58
TFUE,7197,3229,2844,739,3204,13,12
THEREALMARZAA,7192,1881,4290,780,1869,6,6
JYNXZI,7161,?,?,1521,?,6,2
SUPERBUSS_,7130,6126,134,1853,6112,8,6
DALTOOSH,7125,4383,1752,1300,4324,41,18
ELAJJAZ,7073,3897,2337,1998,3797,59,41
AVOIDINGTHEPUDDLE,7070,3394,2718,1099,3293,58,43
OHNEPIXEL,7026,?,?,2933,?,15,28
MURDERCRUMPET,6997,6613,230,5866,6565,12,36
MYM_ALKAPONE,6986,1913,4040,334,1906,4,3
FOOLISH_GAMERS,6951,3942,2082,1061,3913,18,11
KNUT,6949,5067,1416,4117,5017,9,41
BLACKELESPANOLITO,6934,1926,3929,315,1926,0,0
TRYMACS,6879,1411,4391,323,1398,9,4
SMALLANT,6838,5485,1355,878,5375,60,50
PAYO,6809,4734,1597,3791,4648,44,42
COTTONTAILVA,6732,?,?,5360,?,61,110
LOSPOLLOSTV,6723,4010,1970,2055,4003,5,2
ZANOXVII,6709,942,4672,166,936,2,4
PIKABOOIRL,6634,5904,538,5381,5865,4,35
SHAHZAM,6613,2656,3085,1143,2589,32,35
SWEATCICLE,6576,3518,2244,1964,3404,68,46
ESFANDTV,6574,4526,1466,2929,4480,20,26
ELDED,6517,2819,2670,245,2759,26,34
VYSOTZKY,6461,510,4969,63,505,4,1
MCKYTV,6457,3275,2405,1569,3247,13,15
AILENAX,6456,6174,161,5539,6117,24,33
CAPTURESCA,6427,6376,51,6121,6352,10,14
MOOSEBROTHER,6413,?,?,5422,?,9,5
ANETERNALENIGMA,6399,?,?,5340,?,71,103
BOXYFRESH,6368,4399,1314,2572,4290,54,55
RIVERS_GG,6365,3595,2029,1532,3582,6,7
QUIN69,6362,3101,2518,1845,3049,19,33
CYDONIA_CHIARA,6335,2335,3108,952,2318,8,9
NIHMUNE,6263,5808,270,5014,5705,23,80
POKELAWLS,6237,3101,2409,1691,3091,4,6
MOGSY,6235,?,?,5336,?,100,68
JINNYTTY,6181,5331,582,4435,5281,12,38
PUNZ,6118,3941,1441,1752,3900,32,9
SHROUD,6107,2471,2798,912,2452,7,12
DHALUCARD,6087,3407,1941,1715,3296,55,56
LILSIMSIE,6086,2422,2713,261,2356,52,14
TOMATO,6068,5428,642,1760,5312,72,44
PIETSMIET,6047,2903,2453,1778,2857,31,15
NORTHERNLION,6020,2238,2896,755,2213,17,8
QTCINDERELLA,6016,2759,1690,684,2750,5,4
IMLS,6014,3046,2246,1471,3019,20,7
MISTERMV,6006,2549,2530,264,2476,57,16
NIKLASWILSON,5976,3155,2061,1404,3142,8,5
JASMINBECKMUSIC,6109,?,?,5781,?,22,17
GOTAGA,5931,2725,2355,298,2693,21,11
HITBOXKING,5910,3372,2537,947,3356,8,8
JULIEN,5904,3692,1393,1044,3471,166,55
NMPLOL,5885,3537,1710,1930,3501,11,25
HAYASHII,5885,3344,2540,1357,2916,261,167
SIDNEYEWEKA,5864,3221,1997,1942,3212,7,2
IM_DONTAI,5842,3720,1431,1600,3705,11,4
IITZTIMMY,5825,3435,1657,1527,3395,13,27
STAIY,5794,2543,2508,1111,2494,30,19
CHEEKYGAMBLERS,5787,?,?,4725,?,10,1
GLADD,5785,?,?,1873,?,65,75
FUSLIE,5768,3361,1711,1382,3320,20,21
RTAINJAPAN,5759,3552,1830,3261,3550,1,1
RRAENEE,5753,2231,2676,575,2211,8,12
WHIPPY,5669,?,?,2765,?,33,29
JUICYJOHNS,5664,?,?,5187,?,2,2
BT0TV,5646,2485,2459,1010,2481,2,2
TUBBO,5636,4547,1098,567,4521,17,9
KNEKRO,5623,1151,3612,359,1129,15,7
CDNTHE3RD,5611,3587,1450,2173,3506,43,38
PAULETA_TWITCH,5584,2646,2194,836,2642,4,0
ELOSANTA,5446,?,?,1505,?,31,13
JOE_BARTOLOZZI,5429,4189,1241,2195,4166,7,16
ANGRYPUG,5424,4066,942,2856,3997,41,28
THE_HAPPY_HOB,5415,4042,964,3038,4006,22,14
K4SEN,5414,1377,3194,347,1376,0,1
GTAWISEGUY,5387,4599,497,3617,4564,18,17
AC7IONMAN,5372,4643,484,3828,4595,38,10
TOLKINLOL,5355,2577,2193,1748,2548,16,13
XTHESOLUTIONTV,5340,3620,1284,2697,3600,11,9
IFAS_CORE,5285,5184,80,4875,5145,18,21
JASONR,5268,4662,440,4119,4630,8,24
THEREALKNOSSI,5268,1700,2828,422,1675,18,7
TENZ,5253,1785,2655,255,1764,14,7
GMHIKARU,5249,2150,2437,1048,2126,17,7
AYDAN,5243,3815,947,2166,3768,18,29
QUICKYBABY,5226,1752,2733,1045,1719,22,11
S0MCS,5219,2860,1795,1774,2844,11,5
AVACROWN_,5197,?,?,4724,?,7,4
中信兄弟官方頻道,5168,4284,60,179,4260,12,12
GSXRCLYDE,5145,3966,837,3004,3913,23,30
CHESSBRAH,5095,4116,715,3369,3984,6,126
VIDEOYUN,5077,1157,3159,522,1124,12,21
BAIANO,5071,681,3559,57,676,5,0
THEMRSARK,5046,4338,474,3545,4269,36,33
MITHRAIN,5025,1988,2342,679,1926,22,40
SKILL4LTU,5022,?,?,1341,?,49,40
SEQUISHA,4986,?,?,901,?,75,38
PQUEEN,4985,2474,1885,873,2446,16,12
PURPLEBIXI,4963,1509,2746,553,1467,19,23
H2P_GUCIO,4960,775,3378,113,769,0,6
KYLE,4948,3341,1053,1734,3305,20,16
SUPCAITLIN,4946,4714,185,4449,4686,9,19
REBORN_LIVE,4940,3568,873,1834,3402,115,51
METHODZ,4925,?,?,3367,?,3,6
GORGC,4913,3062,1746,1330,3028,14,20
WILBURSOOT,4887,2908,1285,879,2898,8,2
THEDANDANGLER,4854,4547,226,4242,4526,6,15
CPENTAGON,4825,?,?,3514,?,7,14
MAXILIECUY,4802,?,?,4309,?,16,7
AXOZER,4791,3283,974,1349,3233,44,6
TIGZ,4779,4709,0,3052,4639,28,42
KAANFLIX,4728,1143,2837,384,1114,16,13
YOUNGMULTI,4727,2299,2318,99,2289,4,6
DATTO,4724,2416,1691,1135,2360,32,24
PIZFN,4720,916,3098,395,906,5,5
CLASSYBEEF,4702,3848,565,2888,3825,9,14
KRUZADAR,4691,3745,618,2529,3688,35,22
TOMMYKAYLIVE,4688,?,?,1641,?,43,19
SCRAPIE,4667,3861,608,3393,3823,26,12
TERRACID,4653,2016,1998,652,1998,9,9
KHAOSADAM,4626,?,?,1877,?,26,10
ATRIOC,4589,1931,2016,761,1914,9,8
STRIPPIN,4581,3854,497,3085,3835,14,5
JOEWO,4579,3702,531,2491,3663,22,17
SHOTZZY,4567,3569,591,2087,3549,12,8
PERXITAA,4535,2898,1149,1572,2886,5,7
らっだぁ,4516,2606,1262,454,1961,131,514
WILLERZ,4514,3389,821,2550,3320,43,26
HTALKS,4511,?,?,165,?,6,9
ARIGAMEPLAYS,4482,2964,916,699,2906,48,10
RAX1337,4454,2995,1438,1652,2926,27,42
KINGWOOLZ,4439,?,?,3532,?,35,25
DIAZBIFFLE,4427,3532,552,2210,3508,18,6
VELOX,4427,1946,1930,1112,1931,7,8
DEKARLDENT,4411,2264,1625,1126,2243,10,11
SPOONKID,4410,3048,1364,602,3010,24,14
WOLFABELLE,4408,4031,288,3563,3993,14,24
BBREADMAN,4392,3597,770,1785,3559,21,17
AYEZEE,4371,?,?,2036,?,7,19
AMAR,4361,2361,1536,1459,2327,14,20
蝦愛橘子,4312,4138,31,3216,4114,6,18
KYOKERU,4301,4252,39,4065,4241,6,5
AMERICANDAD,4296,3956,220,3445,3914,19,23
WANKILSTUDIO,4285,1646,2017,483,1639,5,2
KALEI,4270,3764,319,3043,3742,10,12
SGT_JACKSON12,4253,?,?,3780,?,11,16
PUTUPAU,4244,2813,1076,2172,2806,4,3
LRIAA_BDS,4242,4210,33,4005,4197,2,11
MELINA,4228,3979,221,3774,3970,3,6
LIMMY,4227,1427,2143,205,1394,27,6
JOUEUR_DU_GRENIER,4215,2291,1412,996,2264,17,10
CHIEFBEEF_RL,4207,?,?,3562,?,11,13
EMILYCC,4188,4094,94,3885,4057,18,19
IMVIOLET_,4185,3530,528,3236,3482,8,40
SKYRROZTV,4179,2015,1645,941,1994,18,3
CAROLA,4157,2204,1467,1181,2179,11,14
BRIZZ94,4157,?,?,223,?,4,4
ZENTREYA,4152,3360,462,1947,3187,70,103
HUNGRYBOX,4149,3477,481,2955,3458,7,12
POW3RTV,4143,802,2676,250,791,8,3
KENNZY,4131,740,2764,310,731,3,6
NICKEH30,4123,2399,1269,1273,2381,7,11
KYEDAE,4116,2047,1509,723,2015,8,24
QUARTERJADE,4104,2692,995,1391,2672,11,9
ROFLGATOR,4091,3301,521,2455,3271,10,20
COOKSUX,4085,3617,341,3165,3556,10,51
餐餐自由配,4083,3557,35,1087,3516,20,21
RUNTHEFUTMARKET,4078,1728,1840,802,1684,34,10
MOUZAKROBAT,4078,2022,1605,1248,1935,65,22
薇薇,4076,4071,5,3960,4068,1,2
SMOKE,4060,2502,1088,1300,2458,27,17
EXZACHTT,4050,?,?,2908,?,29,15
MOUNT,4039,1593,1872,421,1577,12,4
THERUNNINGMANZ,4039,1876,1601,718,1852,14,10
TIMMAC,4036,?,?,2607,?,28,21
39DAPH,4027,2016,1417,439,1993,11,12
울프,4022,3259,121,179,3258,1,0
SUPERTF,4022,1929,1562,854,1912,4,13
NINJA,4009,1722,1725,450,1704,6,12
CARRERAAA,3974,2534,981,1164,2504,19,11
MYSTIXX,3973,?,?,3531,?,10,30
SWAGG,3967,2437,1005,765,2406,24,7
ACEU,3963,2089,1324,452,2053,19,17
DOUGDOUGW,3957,1793,1666,800,1778,8,7
SQUEEZIE,3948,1873,1401,263,1863,8,2
FRTINGGLITTER,3934,?,?,844,?,20,20
MATHIL1,3928,2195,1307,1285,2113,52,30
CENTRAL_COMMITTEE,3921,?,?,1797,?,59,102
LYSIUM,3915,3644,161,3037,3611,16,17
BBJESS,3912,3467,447,2174,3408,13,46
JENNMCALLISTER,3898,?,?,327,?,2,3
NEZAK_,3897,1672,1777,1154,1654,10,8
NOTMES,3897,3818,79,3682,3790,2,26
PROBLEMWRIGHT,3896,?,?,2231,?,6,7
ABYSS,3896,?,?,3575,?,5,8
LULULUVELY,3885,?,?,540,?,22,17
RAXXANTERAX,3872,2614,1029,2167,2582,13,19
MORF_,3863,?,?,2736,?,55,48
BASTIGHG,3861,1680,1708,825,1648,11,21
DIZZYKITTEN,3857,3174,460,2503,3111,23,40
GRENBAUD,3856,1078,2780,182,1077,0,1
JUSTAMINX,3844,3432,314,3030,3423,3,6
SHISHEYU_MAYAMOTO,3834,1530,1721,291,1485,27,18
NARDC0,3831,?,?,3151,?,5,14
PASTARONIRAVIOLI,3812,?,?,2741,?,7,15
TENEKEKAFALAR_TK,3808,1866,1500,1156,1802,8,56
THEGREFG,3808,1152,2103,241,1147,3,2
TEEGRIZZLEY,3800,2933,444,940,2927,5,1
JOKERDTV,3775,2545,976,2025,2531,6,8
THENICOLET,3765,3285,481,2125,3213,54,18
SILVERVALE,3750,3023,418,1749,2912,55,56
ELWYCCO,3749,3676,38,1437,3635,22,19
NIKKOORTIZZZ,3746,?,?,2818,?,103,13
TRILLUXE,3741,1439,1766,493,1420,16,3
花輪同學,3717,3622,10,2993,3608,2,12
LEOPARD,3716,?,?,1073,?,69,68
VALLE,3714,3415,231,3042,3394,11,10
SARDOCHE,3711,1556,1605,174,1531,11,14
FAUX,3706,2351,1041,1617,2290,6,55
TOMMYINNIT,3690,1812,1052,707,1804,7,1
SABAKU_NO_SUTORIIMAA,3685,1056,2116,504,1045,5,6
MAHLUNA,3673,2101,1152,1184,2060,20,21
JERICHO,3672,3669,0,345,3617,31,21
CHAOTICMUCH,3672,?,?,2532,?,5,9
THEGUILL84,3672,2329,1002,1621,2311,14,4
SMZINHO,3665,633,2474,113,627,1,5
THEKAIRI78,3665,2733,707,2232,2680,4,49
MARIO,3657,?,?,3179,?,4,4
GRANDPOOBEAR,3632,2385,900,1530,2331,25,29
FELPS,3631,?,?,109,?,23,15
ROYALPHUNK,3627,2392,868,1348,2336,38,18
풍월량,3622,2975,223,1019,2954,8,13
JOLAVANILLE,3608,1982,1246,1285,1977,4,1
오킹,3604,3170,32,1124,3158,4,8
SHIVFPS,3593,1852,1296,942,1829,14,9
DADDYGUS99,3588,?,?,3106,?,12,10
ITS_IRON,3578,3019,354,2249,3007,7,5
UBERHAXORNOVA,3561,1919,1187,708,1868,25,26
ETOILES,3559,1566,1488,328,1554,7,5
DIESERKINGPHIL,3545,?,?,1565,?,33,12
KITBOGA,3504,1793,1300,662,1737,35,21
DJMIKEMORINO,3501,?,?,3205,?,37,30
NYANNERS,3496,2537,555,994,2484,30,23
XARI,3495,1515,1446,204,1476,30,9
JESSIECOOKS,3487,3440,47,3230,3428,6,6
WESTCOL,3473,2282,806,996,2279,1,2
XTH0REK,3467,2330,854,1711,2306,12,12
TESTY,3466,?,?,3126,?,7,102
SOMMERSET,3431,2798,437,2138,2719,36,43
BIYIN_,3427,2254,796,1008,2229,5,20
PARISPLATYNOV,3424,?,?,505,?,1,8
SYPHERPK,3416,2095,1217,1049,2076,10,9
ANDREADEL1988,3403,1707,1406,1496,1704,1,2
PISICELA,3376,2445,665,1726,2420,14,11
ALEXCLICK,3374,1823,1073,447,1799,9,15
CHOCOTACO,3367,1403,1113,593,1373,24,6
JUICYJ_CR,3353,?,?,2521,?,28,9
POKIMANE,3341,2150,829,767,2089,23,38
AYPIERRE,3336,2644,697,153,2622,13,9
PIEFACE23,3327,1437,1426,476,1428,5,4
UTHENERA,3324,752,2079,244,735,4,13
IAMCRISTININI,3323,1749,1142,844,1716,19,14
NICEWIGG,3321,2171,785,1053,2134,25,12
CIDCIDOSO,3319,1238,1644,629,1217,9,12
SOVIETWOMBLE,3301,1523,1292,384,1495,18,10
MANDE,3292,?,?,859,?,15,10
MAILAND,3289,1092,1755,502,1067,15,10
SIEGISMUND,3289,?,?,889,?,39,21
MINIMINTER,3286,2517,558,1836,2482,21,14
MNDYNE,3283,?,?,2627,?,6,5
XIUDER_,3281,782,2031,370,739,32,11
XFIBII,3266,1534,1372,1025,1523,5,6
ALLUUX,3263,?,?,1832,?,9,12
CONTERSTINE,3259,1592,1235,611,1566,16,10
BAWKBASOUP,3256,2033,857,1008,1981,34,18
RAY__C,3253,?,?,1569,?,12,23
REBIRTHZTV,3250,2787,16,582,2786,1,0
LOEYA,3239,2607,479,2010,2570,13,24
LEYNAINU,3230,2691,434,2330,2676,5,10
NAOWH,3228,1482,1277,131,1478,3,1
한동숙,3225,2508,196,40,2503,2,3
紋紋__,3206,?,?,2934,?,4,26
MENOSTRECE,3204,701,2023,218,683,11,7
SCUMP,3195,2149,561,371,2138,5,6
XROHAT,3195,?,?,948,?,3,5
SPYGEA,3192,987,1752,419,980,4,3
HAFTHORJULIUS,3189,?,?,1551,?,5,15
MRBBOY45,3172,2178,714,1333,2115,20,43
CAEDREL,3169,1227,1560,623,1216,9,2
EMIRU,3161,1647,748,686,1610,10,27
SHAUNZ,3160,1563,1200,685,1494,16,53
MIRAMASA,3159,?,?,2921,?,9,17
PHYZIKK,3153,2596,409,2097,2575,14,7
THELGX,3146,3119,27,3020,3109,9,1
TURUNPUG,3137,3063,32,2636,3015,27,21
PROJEKTMELODY,3133,2812,172,2167,2766,24,22
NIKNOCTURNAL,3128,?,?,1304,?,4,4
RESTTPOWERED,3124,2283,494,895,2267,10,6
IDREAU_,3123,2102,1024,381,2071,17,14
XPOSED,3120,2139,633,983,2131,3,5
STARYUUKI,3119,2556,371,1863,2503,31,22
IVAN_GRIECO,3119,1468,1282,920,1464,3,1
HUSKERRS,3110,1767,963,765,1745,11,11
KAYZAHR,3107,1949,844,1202,1920,19,10
FARFADOXVEVO,3104,1460,1265,680,1455,4,1
ぐちつぼ,3096,2118,680,1220,2053,30,35
VIO,3092,?,?,2873,?,1,107
LINCA,3083,1912,905,1360,1887,17,8
POINTCROW,3077,1780,932,752,1724,32,24
DESST3,3069,2168,620,1459,2164,3,1
DVM_MEDJA,3053,2022,653,748,2010,6,6
TFTODDY,3051,?,?,149,?,1,3
GEORGENOTFOUND,3050,1802,841,839,1788,10,4
UNSYMPATHISCH_TV,3045,1433,1235,695,1411,16,6
악어,3039,2519,13,119,2517,2,0
懶貓,3027,2685,19,1031,2645,26,14
RTGAME,3023,1670,986,709,1643,16,11
MINOS,3018,2518,364,1988,2506,5,7
ROBCDEE,3008,2142,611,1282,2083,14,45
KAMIKATZE,2997,2546,318,2058,2511,18,17
BOXBOX,2994,1024,1531,286,1014,4,6
FIFAKILLVIZUALZ,2993,2300,493,1648,2287,5,8
TENACITYTV,2979,?,?,2022,?,5,6
LUCKYCHAMU,2961,2561,249,1851,2544,7,10
AMBUSH,2942,?,?,2074,?,22,27
CONNOREATSPANTS,2938,1354,1203,538,1347,4,3
GIGGAND,2917,1779,889,1361,1775,1,3
PIJACK11,2913,280,2167,44,277,1,2
COLAWAY,2900,2603,246,2279,2554,24,25
TASPIO,2899,1118,1372,419,1112,6,0
한갱,2893,2672,126,2160,2662,4,6
JONYJOE7,2890,?,?,2846,?,11,1
狂暴西南2,2880,2712,12,1816,2698,9,5
CHEF_SWOLEARDEE,2872,?,?,2689,?,0,3
MUTEX,2869,2438,279,1802,2412,15,11
FREYZPLAYZ,2869,2674,131,2342,2660,9,5
CHRISMELBERGER,2857,?,?,500,?,39,16
ALPERBICEN,2854,1506,1038,966,1500,2,4
F1NN5TER,2851,2164,495,1645,2144,9,11
SIXENTV,2844,1585,991,1071,1560,15,10
小墨,2843,2787,6,2337,2777,4,6
TOMMEY,2838,?,?,1580,?,8,13
JELTY,2825,1114,1304,251,1110,0,4
MEGAMAXLIVE,2824,?,?,190,?,1,1
CROCODYLE_LOL,2824,1816,760,1260,1785,15,16
SETHDRUMS,2818,?,?,2495,?,27,25
IREPPTAR,2793,?,?,2377,?,28,54
TINAKITTEN,2793,1958,528,823,1934,17,7
SOLOGESANG,2785,668,1696,171,653,9,6
DANSGAMING,2784,1384,1045,503,1360,22,2
SLEEPY,2777,?,?,307,?,32,35
BIGBOSSBOZE,2775,1736,746,559,1725,9,2
THEJRM_,2775,1712,732,934,1697,5,10
VEIBAE,2771,1951,527,805,1903,24,24
MOKKA020,2765,?,?,2521,?,4,4
SWEET_ANITA,2760,2399,234,1931,2352,17,30
LUIDEMATOS,2758,840,1496,136,836,3,1
林芙芙,2756,2755,1,2568,2668,4,83
JUKEYZ,2750,2428,239,1992,2428,0,0
AXTLOL,2731,496,1809,107,495,0,1
THECHIEF1114,2727,2275,320,1764,2264,8,3
THEBAUSFFS,2725,644,1664,152,637,5,2
TURGUTUC,2721,641,1684,210,557,35,49
MERK,2718,2072,452,1441,2054,14,4
JONBAMS,2715,2019,490,1382,1963,20,36
양띵,2708,2301,7,274,2297,2,2
RAZAH,2705,624,1702,250,621,1,2
GMNARODITSKY,2704,?,?,1342,?,8,4
YUNEKOKORO,2703,?,?,2611,?,3,5
CRYSTAL_LOL,2701,626,1695,291,614,4,8
DANUCD,2688,2187,387,1825,1997,130,60
NISSAXTER,2685,753,1554,278,741,4,8
DROPPED,2683,2254,307,1759,2230,6,18
COBALTSTREAK,2683,2001,510,1477,1971,16,14
JINJA,2682,2342,220,1879,2301,23,18
FRENEH,2679,1317,1052,842,1316,0,1
DETOO,2678,?,?,2397,?,6,12
TONTON,2675,1601,782,924,1568,19,14
ADMIRALBULLDOG,2671,1475,849,583,1328,12,135
SYMFUHNY,2668,1737,653,968,1725,7,5
GODKU,2667,2594,57,2348,2579,6,9
NAGZZ21,2667,2416,112,1684,1934,319,163
ENKK,2664,951,1416,579,946,4,1
IATEYOURPIE,2662,1713,651,812,1684,12,17
LONDONCONTROLLER,2656,?,?,1980,?,27,15
BADBLANDO,2652,?,?,2165,?,21,15
MILSCHBAUM,2647,2327,238,1999,2288,11,28
MATTRP,2639,?,?,2351,?,6,7
CODEMIKO,2638,1985,243,1599,1969,6,10
SIRMAZA,2631,1183,1440,162,1165,8,10
TINKERLEO,2627,2354,193,1974,2314,15,25
NICK28T,2625,1176,1050,261,1149,15,12
ADAMBOMB,2618,2595,23,2468,2591,1,3
IMPROBZZ,2615,2228,322,1818,1727,414,87
MAYA,2605,1666,622,647,1649,8,9
TREY24K,2603,1654,695,938,1630,8,16
LUKISTEVE,2597,399,1798,88,397,2,0
DISTORTION2,2590,1684,653,999,1676,6,2
KARMIKKOALA,2588,2224,28,1772,2158,31,35
DUMBDOG,2586,2341,239,1185,2322,4,15
ROOMYXX,2582,?,?,2192,?,10,10
THEO,2577,?,?,1946,?,4,53
HUGODELIRE,2577,1494,805,813,1486,5,3
SLIPIXXX,2574,1683,688,1309,1672,6,5
DRUTUTT,2572,868,1352,497,851,4,13
LITTLEBIGWHALE,2565,1646,641,602,1578,34,34
KUTCHERLOL,2565,?,?,241,?,15,10
ESPORTMANIACOS,2559,1063,1215,662,1061,2,0
BERLEEZY,2550,2053,282,992,2041,10,2
WOOPS,2539,?,?,336,?,13,8
LUNAONI,2536,2428,90,2108,2402,11,15
WERLYB,2532,515,1661,273,514,1,0
VELION,2531,?,?,1879,?,11,13
DEADLYSLOB,2528,1149,1030,414,1119,15,15
STARSMITTEN,2525,1772,520,1073,1720,19,33
VIENNA,2520,?,?,1138,?,15,246
KAYDOP,2517,1161,1042,401,1154,4,3
TVANDER,2514,862,1268,219,856,6,0
JACKEYY,2503,2223,5,844,2218,2,3
LAYNALAZAR,2500,?,?,1062,?,24,31
PACE22,2496,1664,643,1177,1643,13,8
DEKII,2494,?,?,1810,?,3,4
XCRY,2480,2154,202,1577,2137,9,8
BYSTAXX,2480,782,1338,213,781,0,1
AREX,2478,?,?,854,?,10,5
KARCHEZ,2475,1389,780,595,1373,10,6
NEVER_LOSES,2471,2120,23,538,2104,9,7
ZOMBIE_BARRICADES,2470,2319,145,2089,2309,6,4
JENNYAN,2467,1906,375,1281,1833,55,18
RHOBALAS_LOL,2467,1650,636,1126,1634,8,8
HEIDELTRAUT,2462,1584,636,867,1564,15,5
ZWEBACKHD,2450,1141,1025,637,1132,7,2
PAOLOIDOLO,2450,310,1766,94,309,1,0
H0LLYLP,2447,1190,979,631,1160,17,13
K3SOJU,2442,863,1186,131,854,4,5
MATTEOHS,2442,989,1205,788,989,0,0
AKURAUTIO,2441,?,?,2266,?,7,20
HOLYPHOENIX,2429,911,1218,627,900,4,7
AQUAFPS,2427,1301,835,547,1263,20,18
BEARDAGEDDON,2425,?,?,649,?,26,8
DATMODZ,2424,1525,728,1124,1486,11,28
HERDYN,2416,2290,129,1617,2271,7,12
THEKLLER,2413,1185,935,640,1138,23,24
ROGUE,2412,1870,395,1348,1851,8,11
GRENDY,2411,528,1535,112,519,4,5
ZIZARAN,2411,1184,933,589,1164,15,5
CYR,2410,1385,362,783,1371,4,10
BURN,2410,2088,225,1814,2086,1,1
嬌兔,2406,2150,21,868,2122,15,13
JESUSAVGN,2405,2129,34,831,2098,14,17
SKYSHOCKTV,2404,1422,781,1142,1420,2,0
LABACANITA,2402,?,?,2355,?,3,2
ALDO_GEO,2398,1570,575,745,1566,4,0
SSAAB,2396,2143,187,1692,2129,6,8
YOURFRIENDKYLE,2393,2061,244,1643,2036,21,4
DONFREEZ,2376,?,?,2164,?,9,12
SHERIFFELI,2374,1611,539,958,1544,48,19
REPAZ,2374,1181,908,618,1153,9,19
FIFATARGREAN,2363,1941,71,137,1936,2,3
SUBROZA,2361,1172,854,343,1160,3,9
MASTERSNAKOU,2361,1454,672,795,1424,13,17
HEXY,2353,1316,746,588,1284,16,16
PAGO3,2348,967,1035,279,956,7,4
蘋蘋澎澎,2348,?,?,1951,?,3,10
ROBLEIS,2341,1501,617,939,1490,10,1
강지,2321,2247,11,1583,2239,2,6
SILKY,2308,1624,370,426,1621,1,2
QUESADACID,2306,?,?,155,?,1,2
SYRINXX1337,2305,1638,478,1157,1627,5,6
LOW4N,2303,1669,448,1078,1662,4,3
ISVOLCANO,2303,1008,993,510,997,8,3
TANGOTEK,2300,1623,488,1068,1612,7,4
CIGDEMT,2292,?,?,580,?,13,13
PRODIGYDDK,2291,1791,285,877,1780,4,7
KYOOTBOT,2289,2125,128,1854,2115,2,8
KOJI,2288,2138,100,1826,2118,14,6
TSM_VISS,2285,1438,630,907,1407,18,13
ZEE_RP,2282,?,?,2019,?,2,1
HIPPIEHABITAT,2276,?,?,1344,?,34,24
INOIIZY,2271,2060,175,1680,2049,6,5
TEOSGAME,2262,1066,872,322,1031,20,15
WILLNEFF,2257,1633,411,935,1627,6,0
BAZZAGAZZA,2255,1985,208,1581,1977,5,3
BABYNIKKI,2254,?,?,1447,?,17,13
GOTHAMCHESS,2253,1158,901,727,1153,2,3
PAKMAN,2252,?,?,1897,?,2,12
ARROZYDESGRACIAS,2250,?,?,465,?,5,2
MEESTERKEEM,2248,?,?,2011,?,1,2
IJAMESDAVIS,2246,?,?,1942,?,11,14
IMPULSESV,2238,1511,520,865,1503,6,2
KARLNETWORK,2229,1590,393,751,1588,0,2
DISGUISEDTOAST,2229,1085,859,450,941,102,42
RIIREX,2223,?,?,1126,?,28,13
BANANABREA,2220,1921,212,1433,1910,7,4
REVEDTV,2217,1180,762,551,1168,7,5
STYLERZ,2208,1314,665,799,1294,13,7
PAULANOBRE,2207,479,1407,142,440,32,7
IBABYRAINBOW,2207,2049,158,1393,2035,5,9
ESKC,2203,1872,252,1492,1845,11,16
TGLTN,2203,1447,566,956,1431,8,8
STEWIE2K,2195,1090,903,806,1086,0,4
M4FGAMING,2190,1145,762,374,1081,39,25
踢虧,2189,1887,49,585,1881,1,5
DESTROY,2188,1623,391,1052,1597,10,16
HUTCHMF,2187,1766,336,1315,1757,5,4
AGUSTABELL212,2183,1120,830,624,1115,4,1
JAYSTREAZY,2181,?,?,1117,?,21,43
DJBOUCHERIE,2178,1791,321,1460,1729,31,31
CAMAK,2175,1148,715,100,1128,15,5
SNIP3DOWN,2172,1855,209,1474,1846,3,6
DELARUETV,2171,1807,267,1462,1794,2,11
OMIE,2169,1997,167,1003,1961,5,31
BARRR_NONE,2166,?,?,1290,?,22,161
JIMRSNG,2166,?,?,940,?,21,21
LASVEGASVP,2165,1314,638,801,1303,4,7
KURUHS,2163,1634,410,1276,1608,16,10
ELBRYCE,2159,?,?,2135,?,0,2
LINKUS7,2154,?,?,782,?,19,26
TIMMY2CANS,2154,?,?,1406,?,4,13
CLOAKZY,2145,1251,598,390,1232,13,6
BIGIRAQ,2145,?,?,1484,?,4,5
GRANNY,2143,1446,421,433,1413,27,6
老皮,2142,1877,25,637,1852,17,8
LOLATHON,2140,1811,210,1324,1763,27,21
XSHATTER,2137,2089,48,2010,2080,4,5
ANNOYING,2133,?,?,256,?,0,1
ANOMALY,2130,1011,871,573,994,6,11
MING,2126,1882,182,1551,1873,3,6
DINO_XX,2114,?,?,1579,?,12,12
COCONUTB,2106,1386,528,824,1381,3,2
KABHAAL,2106,?,?,1506,?,17,37
CRAWFORDCOLLINS,2105,?,?,992,?,3,2
MAJOR_MANGOES,2104,?,?,1719,?,2,8
TAKEMI_LIVE,2101,?,?,9,?,0,1
SYRIANO,2098,?,?,1644,?,2,1
TWEAK,2096,2006,84,1865,1998,5,3
BROEKI1,2092,759,1066,340,735,15,9
KATFIRES,2091,2044,42,1903,2038,2,4
OATSNGOATS,2086,1781,289,575,1727,30,24
STAYSAFETV,2086,1414,526,1016,1399,6,9
AITOOLAVI,2085,?,?,2002,?,0,1
ICEMANISAAC,2079,1703,263,1303,1652,29,22
BAXBEAST,2075,944,908,608,881,35,28
LAZVELL,2075,1093,758,422,1086,3,4
CALEBHART42,2073,1476,416,880,1467,4,5
MABZOUEL,2073,1804,226,1473,1790,2,12
SMITHDOGGY,2070,?,?,1736,?,7,8
BEHAVINGBEARDLY,2068,1845,224,1400,1819,19,7
DAY9TV,2064,1351,501,746,1338,7,6
BABYBOUGE,2064,1952,96,1749,1911,7,34
SINGSING,2061,1085,699,310,1039,23,23
SKYYART,2057,1171,692,788,1158,6,7
QUANTUM,2051,1223,626,745,1186,14,23
HEELMIKE,2051,1767,200,1423,1747,10,10
DARKVIPERAU,2044,889,916,376,865,17,7
MAFIOSOCREW,2038,1406,507,1151,1398,6,2
貝莉莓41,2037,1830,13,845,1807,12,11
TOWELLIEE,2036,1100,691,522,1092,4,4
SAM_EKLLS,2035,?,?,1970,?,11,6
WEAK3N,2031,1574,347,1124,1541,15,18
TYCENO,2026,?,?,415,?,3,3
DUENDEPABLO,2026,589,1145,156,588,1,0
MORTDOG,2026,?,?,465,?,9,6
ULTIA,2026,1277,472,332,1226,38,13
SIZOPHREN,2026,971,814,344,950,11,10
HACHUBBY,2014,1860,132,1563,1837,7,16
CHAINBRAIN,2014,1776,189,1486,1745,11,20
우정잉,2009,1713,30,194,1651,14,48
SANCHOVIES,2007,964,807,470,958,3,3
SNUFFY,1994,1570,232,738,1497,46,27
CAPTAINSPARKLEZ,1993,1183,596,540,1160,15,8
WINGOBEAR,1992,?,?,1074,?,9,12
JUSTGABBO,1990,?,?,699,?,9,8
ILGATTOSULTUBO,1987,483,1215,192,471,9,3
EDIZDERBREITE,1983,1321,477,772,1318,1,2
FANTABOBSHOW,1983,1043,716,432,1016,21,6
BLAUSTOISE,1978,1442,352,725,1435,2,5
XCHOCOBARS,1976,1425,413,966,1409,7,9
MOTION6IXMANDY,1974,?,?,1878,?,15,9
DAVIDFRANKDRUMS,1970,?,?,1422,?,15,12
SNEEGSNAG,1969,1269,433,335,1253,14,2
NIEKBEATS,1967,?,?,513,?,10,3
JOHNFRANKLYN,1964,1835,103,1706,1830,1,4
HEISENBERGOFFICIAL,1962,1958,4,1945,1924,24,10
NICKKMEYER,1957,?,?,1627,?,1,2
POTASTICP,1952,1646,244,1236,1606,21,19
ANAS_OFF,1952,1035,657,309,1032,2,1
THEPRIMEAGEN,1947,?,?,914,?,30,16
VLESK,1946,1373,574,370,1351,13,9
ROYALIZE_,1940,?,?,1756,?,2,3
CHARMSEI,1937,?,?,1853,?,4,3
THEONEANDONLYDRAGON,1936,?,?,1733,?,2,13
BAITYBAIT,1935,?,?,168,?,4,5
FAIDE,1932,1138,589,615,1125,5,8
BHARP,1931,?,?,1831,?,0,1
A_SEAGULL,1929,661,987,157,653,5,3
世誠,1923,1732,6,783,1729,2,1
ELMIILLOR,1923,456,1160,41,454,1,1
MINION777,1922,1332,383,648,1300,25,7
CAPITANOCIMA,1920,1430,372,1097,1422,4,4
AVAMIND,1920,1194,486,473,1160,19,15
SPARKOFPHOENIXTV,1918,1595,272,1346,1554,17,24
SHUKZNORRIS,1914,1532,291,1174,1511,13,8
FERRETOJE,1913,?,?,1185,?,1,1
BRODIE,1912,?,?,1055,?,32,25
BAGHERAJONES,1911,1248,435,490,1218,18,12
MCDEV_TV,1911,?,?,1816,?,7,8
GOOFFKINGS,1908,?,?,743,?,34,10
RAKANOOLIVE,1907,1644,121,877,1616,14,14
VIVALAFAZZA,1906,303,1319,82,298,0,5
KROLAY,1905,1509,304,1237,1500,5,4
ELZEEIN,1904,?,?,442,?,7,5
ARCADUM,1902,1889,13,1825,1878,2,9
MYNTHOS,1898,944,690,243,908,19,17
ROOTTHEGAMER,1894,921,771,592,905,6,10
STEVESUPTIC,1894,1239,434,499,1225,3,11
CRANKGAMEPLAYS,1888,?,?,1118,?,10,5
OHTOFU,1887,1320,399,751,1310,6,4
GRIMNAX,1883,?,?,502,?,14,30
TARZANED,1882,1112,576,723,1108,1,3
HIKO,1878,852,766,322,840,6,6
PANKYY,1872,862,785,499,856,1,5
침착맨,1870,1547,89,384,1542,2,3
SCHWABBELTOWN,1870,844,775,299,807,26,11
SPORTSCASTSQUAD,1869,?,?,1611,?,16,21
UHSNOW,1868,1312,338,545,1269,23,20
KASIX,1866,549,1041,225,541,2,6
KYLIEBITKIN,1861,1726,119,1392,1702,11,13
KKATAMINA,1861,1306,383,742,1253,10,43
BTMC,1860,1027,628,430,1018,5,4
STEV0RR,1857,?,?,1279,?,9,10
冠緯,1856,1716,7,914,1713,0,3
XHANKYY,1854,1390,372,1042,1371,9,10
ML7SUPPORT,1851,1101,553,637,1065,17,19
THEUNCLEJOESHOW,1851,?,?,1327,?,6,9
ILMASSEO,1850,425,1134,142,416,7,2
CDEWX,1839,1474,306,1139,1460,6,8
SOYPAN,1838,823,764,279,810,5,8
MRLLAMASC,1836,?,?,263,?,14,10
SERPENTGAMEPLAY,1832,610,963,180,603,2,5
CHRISUDALLA,1832,1374,349,878,1363,11,0
貝克,1826,1796,10,1259,1769,9,18
8CHO,1825,1051,581,578,1048,2,1
UNICORNIO,1824,517,1034,149,509,6,2
PIEMAN,1813,1579,183,1201,1552,8,19
RDULIVE,1812,648,921,315,643,2,3
SHURJOKA,1809,1390,278,925,1356,22,12
LIMINHAG0D,1807,961,619,367,960,0,1
TRU3TA1ENT,1807,1278,438,944,1262,13,3
XARYU,1805,888,724,553,879,4,5
PAPAPLATTE,1800,524,1002,51,517,5,2
MLDEG,1799,1413,299,1121,1369,21,23
ADRIANACHECHIK_,1791,1320,346,898,1311,5,4
月希,1790,1756,4,1436,1720,3,33
COOPERTV,1789,?,?,978,?,3,6
ZOIL,1789,1196,544,584,1187,3,6
BRUCEGRANNEC,1788,816,739,270,813,3,0
ZEPLAHQ,1786,1338,326,956,1327,9,2
KONVY,1782,623,918,245,621,0,2
HONEYPUU,1777,883,680,445,873,5,5
彩學,1776,?,?,1318,?,10,46
JEANMASSIET,1776,1081,441,242,1072,7,2
ERICSSL,1774,?,?,1304,?,8,12
NL_KRIPP,1772,451,1042,56,447,3,1
OFFICIALF0REST,1770,?,?,1107,?,0,5
ZKMUSHROOM,1768,1357,330,1001,1338,9,10
TAXI2G,1767,1255,387,858,1239,5,11
HEYARTV,1762,1140,479,757,1107,20,13
YAYAHUZ,1760,714,842,334,706,1,7
LOSERFRUIT,1758,1535,155,1244,1484,6,45
DOUGISRAW,1753,1427,227,944,1402,14,11
LYONWGFLIVE,1751,155,1334,19,153,0,2
MOMO,1748,1487,154,905,1432,21,34
GUSTAFGABEL,1746,1351,309,1055,1315,22,14
SLIMECICLE,1745,1385,258,1128,1382,1,2
빛베리,1743,1700,37,1554,1693,0,7
ZADE,1737,851,699,483,833,7,11
HARMII,1736,822,740,504,808,8,6
NANDEZ,1732,?,?,174,?,2,1
CAHOS_GAMING,1732,1557,166,1319,1547,8,2
OMGLOUDMOUTH,1727,?,?,1290,?,8,25
THEDELUXE4,1721,?,?,1058,?,5,13
SAPNAP,1716,1379,186,702,1376,3,0
TORRO,1715,1453,172,1063,1432,16,5
RUBENMARTINWEB,1715,448,1017,86,446,0,2
JACKMANIFOLDTV,1711,967,547,392,964,1,2
SKIPNHO,1711,911,655,626,911,0,0
YASSUO,1710,758,724,253,754,2,2
CLOWDUS,1710,?,?,1619,?,1,1
NATEHILL,1709,1493,176,1205,1480,6,7
LXFORMIDABLEXL,1701,?,?,1465,?,8,10
DENNSEN86,1700,984,559,509,919,39,26
MAGHLA,1699,1102,400,451,978,115,9
10000DAYS,1695,918,623,589,891,7,20
HONEYXXO,1693,?,?,1454,?,7,9
EMMASHTREAM,1693,?,?,1382,?,4,9
TRAVPIPER,1690,?,?,504,?,2,5
PEARLESCENTMOON,1689,1490,133,1188,1472,7,11
ERET,1685,1372,214,901,1350,12,10
김도,1684,1327,119,142,1307,9,11
EHRENSACHE,1684,1473,154,1172,1443,26,4
XNAPYCZ,1680,1136,367,578,1099,15,22
KIVA,1677,1633,44,1487,1619,7,7
GONCHO,1676,472,940,117,472,0,0
SILENT,1673,1197,295,536,1171,12,14
HYLIAN_TAMI,1672,?,?,1368,?,10,16
AURATEUR,1669,931,537,340,910,17,4
마젠타_,1666,1540,77,1103,1531,1,8
TRUMANATION,1663,1618,45,1455,1611,4,3
MEHDOCHELIVE,1661,?,?,886,?,4,10
DIEHAHN,1659,653,816,354,641,7,5
JOEYKAOTYK,1658,1465,139,1150,1452,5,8
GEMITA,1654,1291,296,1138,1288,0,3
KROOZZNS,1649,1199,241,316,1196,1,2
BOYMINORU,1643,1499,36,795,1491,2,6
ANNACRAMLING,1641,1481,144,1310,1471,2,8
SEBO,1641,?,?,962,?,7,4
STABLERONALDO,1638,?,?,580,?,3,5
RICKYEDIT,1638,200,1205,81,200,0,0
MANVSGAME,1638,951,453,245,941,6,4
SCUMMN,1636,?,?,894,?,2,2
SHADYPENGUINN,1636,1255,284,965,1250,3,2
DAKOTAZ,1635,1084,373,535,1066,11,7
CAPTAINPUFFY,1635,1553,65,1383,1550,1,2
BIBABOY,1632,1076,433,750,1074,1,1
EKUEGAN,1631,?,?,787,?,15,18
ALE_APOKA,1625,857,571,232,856,0,1
痛痛地精,1625,?,?,1433,?,4,2
CRITICAS_QLS,1625,724,662,214,724,0,0
MASAYOSHI,1624,896,524,337,875,6,15
PIMPCSGO,1621,1305,233,977,1287,4,14
SPINECARD,1620,?,?,74,?,3,1
DASHY,1620,1173,302,680,1168,1,4
TOBIASFATE,1618,531,873,158,521,5,5
GREIFENBERG,1618,1272,289,908,1217,41,14
HEITIR,1618,467,917,176,448,8,11
AL3OD,1617,1583,3,1248,1556,9,18
XMERGHANI,1615,?,?,188,?,4,6
TRICK2G,1614,624,771,250,618,1,5
LOCKANDLOADLIV,1612,?,?,1360,?,6,16
ALEXBY11,1611,761,654,337,742,16,3
ZIGUEIRA,1607,389,993,40,374,12,3
REVENTXZ,1606,243,1120,67,241,2,0
AGURIN,1603,765,692,468,761,1,3
JUSTS1NO,1602,1545,57,1422,1539,2,4
서새봄냥,1601,1295,93,135,1210,42,43
XEWER,1600,1308,286,887,1299,3,6
JOSHOG,1599,1282,192,1014,1274,4,4
RISSTV,1599,?,?,1491,?,60,12
MURDA,1597,1184,311,783,1163,8,13
JAPETA,1595,?,?,76,?,0,3
KAORILUPINE,1594,?,?,1153,?,13,21
VINICIN_LIL,1594,?,?,196,?,0,2
LLOBETI4,1590,562,840,415,561,0,1
WILL1US,1589,?,?,853,?,10,5
JAKENBAKELIVE,1586,957,443,414,923,7,27
MOMONKUNN,1585,1414,100,1021,1404,8,2
TISISCHUBECH,1585,858,546,441,853,5,0
SPOFIE,1584,1467,96,1156,1427,19,21
CYGNUS_TV_,1582,?,?,1015,?,1,3
PITUHERRANZ,1581,555,815,176,546,5,4
SMASHLUNATIC,1580,1518,63,1223,1497,12,9
KKIMVU,1577,?,?,1404,?,1,13
INVERTMASTER,1574,?,?,1419,?,16,9
OESTAGIARIO,1573,516,834,134,516,0,0
SKRATCHBASTID,1572,1468,64,1252,1467,0,1
NESUA,1568,1523,40,1371,1523,0,0
HAMNCHEDDAR,1566,?,?,1083,?,1,3
PATOPAPAO,1566,287,1039,50,257,21,9
FLIGHT23WHITE,1562,1044,337,367,1041,3,0
FOBM4STER,1561,1202,317,872,1200,1,1
GOLDGLOVE,1561,963,413,300,942,14,7
ARIASAKI,1559,1279,210,991,1268,4,7
INSIDEAMIND,1555,?,?,1489,?,1,6
MORTENROYALE,1553,1102,450,661,1093,3,6
MAJIJEJ,1548,1411,139,857,1270,25,116
APPLOENINJA,1547,?,?,1334,?,1,2
TECHYCUTIE,1540,?,?,1341,?,3,6
JONZHERKA,1540,1417,109,1245,1414,2,1
ANAAJA,1538,?,?,1113,?,5,4
ISKALL85,1538,1140,275,642,927,168,45
REPLAYS,1535,1072,371,697,1056,8,8
TEUF,1535,704,650,253,699,0,5
GOM4RT,1533,1112,262,529,1060,30,22
BERLU,1532,1201,224,725,1175,11,15
MACIEJAY,1531,594,741,223,578,7,9
NIGHTBLUE3,1530,719,621,378,717,2,0
達哥,1526,1479,12,1109,1432,2,45
POLLYNETTE,1526,1481,45,1349,1475,2,4
TWITCHLEZGO,1523,1521,2,1502,1518,0,3
MOMAN,1520,1144,269,641,1111,4,29
FALCONROSE,1519,?,?,1419,?,10,12
DOGDOG,1518,455,836,122,452,3,0
HOTTED89,1518,1507,5,1439,1503,0,4
GIANTWAFFLE,1516,720,597,263,700,18,2
狂暴小建,1515,1512,3,1292,1511,0,1
EMREBALTAOGLU,1506,?,?,423,?,1,2
RAKIN,1506,396,882,35,391,2,3
ANTHONY_KONGPHAN,1503,1324,158,1065,1266,16,42
FATHERSONGAMING,1501,?,?,831,?,18,7
PUMMELFEE86,1499,?,?,1178,?,0,1
SNOODYBOO,1496,479,803,181,477,1,1
BUCKEFPS,1493,1042,346,709,1038,2,2
SP4ZIE,1491,728,576,256,711,13,4
CRIPER,1488,1160,310,764,1150,1,9
DOCGOTGAME,1488,1440,48,1369,1437,1,2
瑞斯帝亞,1487,1357,24,621,1341,13,3
HASKOLOGLU,1484,729,587,442,725,0,4
SASHAGREY,1483,1219,214,332,1189,17,13
SWIFTOR,1481,1176,236,723,966,56,154
THOMTREE,1479,?,?,806,?,17,17
앙쟈,1476,?,?,1424,?,0,4
TTEUW,1475,297,950,56,295,2,0
SONECAROX,1471,723,600,405,716,3,4
SKYHEARTSTREAMS,1471,?,?,1392,?,1,3
NIDAS,1469,?,?,810,?,5,12
SLICKSTEVIE,1468,1349,106,1191,1337,5,7
MAYICHI,1466,930,409,471,911,8,11
殺梗,1465,1394,9,766,1385,3,6
LETHALFRAG,1465,818,470,235,784,27,7
RIZZO,1464,885,437,504,872,3,10
EMONGG,1462,954,374,587,918,7,29
PANDATV,1460,1378,72,1177,1362,9,7
REALMOJI,1458,859,467,596,856,2,1
THENEEDLEDROP,1454,946,360,501,945,1,0
CLUMSYKITTY,1453,779,547,510,767,5,7
NARU,1450,315,945,214,315,0,0
BOBBYZEERA,1450,?,?,521,?,1,2
TCTEKK,1445,?,?,697,?,4,4
CRYSTALST,1442,1204,183,769,1192,3,9
ZEROBADASS,1439,440,794,151,437,1,2
THIJS,1439,531,741,351,526,3,2
THEDARKNESS,1437,614,668,320,613,1,0
SABRINASOLOSHOW,1436,?,?,1219,?,5,22
湘湘です,1434,1383,22,1012,1372,4,7
BERKRIPTEPE,1432,742,515,387,725,10,7
STARWRAITH,1431,?,?,126,?,4,6
FRYDASOLEBH,1431,?,?,1373,?,1,28
NYMN,1430,784,466,217,762,6,16
CARLA,1429,1374,42,1072,1340,14,20
EMORTALMARCUS,1428,?,?,1338,?,8,4
JANKOS,1426,479,753,206,471,3,5
BEAULO,1426,477,754,58,473,1,3
ANNIEFUCHSIA,1425,?,?,713,?,5,40
JAIDEFINICHON,1424,696,561,303,692,1,3
NOTSCH,1413,?,?,1053,?,3,4
VINESAUCE,1411,655,548,84,643,12,0
IINWAFQHT,1410,1304,20,720,1297,6,1
MRDZINOLD,1405,670,570,340,666,1,3
NANNITWITCH,1404,921,411,604,911,6,4
